Player,Team,Age,Nationality,Season,MV1,MV2,Position,Comp,MP,Starts,Min,90s,Passing_Ability,Shot-Stopping,Territorial_Command,Team_Impact,Overall_Performance_Index
Alban Lafont,Toulouse,18,France,2017/2018,8000000,18000000,Goalkeeper,fr Ligue 1,38,38,3420.0,38.0,-0.3041804198694023,-0.6194779073367921,1.1867785582672872,-0.32271394218052163,-0.04457482429548424
Alban Lafont,Fiorentina,19,France,2018/2019,13000000,17000000,Goalkeeper,it Serie A,34,34,3015.0,33.5,-0.3855414988560988,-0.7528364726930691,0.6421589179349264,0.07118278138342345,-0.18866099346535373
Alban Lafont,Nantes,20,France,2019/2020,12000000,11000000,Goalkeeper,fr Ligue 1,27,27,2430.0,27.0,-0.3760218581875284,-0.87362188609975,0.9861924097767986,0.5947176691152621,-0.06401737187030564
Alban Lafont,Nantes,21,France,2020/2021,12500000,10000000,Goalkeeper,fr Ligue 1,38,38,3420.0,38.0,-0.8245424928972758,-0.2869991777069634,0.784606905824188,-0.6942174848462933,-0.21456623169265315
Alessio Cragno,Cagliari,23,Italy,2017/2018,3500000,9000000,Goalkeeper,it Serie A,29,29,2536.0,28.2,-0.9129431561016514,-0.5249525118407778,1.0298063635533932,-0.6951701966153828,-0.2587931067736442
Alessio Cragno,Cagliari,24,Italy,2018/2019,13000000,20000000,Goalkeeper,it Serie A,38,38,3420.0,38.0,-0.21980683739202084,1.4734658392660385,1.3039068468963653,-0.9237355549645022,0.6481777128745242
Alessio Cragno,Cagliari,25,Italy,2019/2020,20000000,16000000,Goalkeeper,it Serie A,16,16,1440.0,16.0,-0.3378328415218381,1.7545410964365769,-0.23957572787951364,-1.0109566197533706,0.31809374843945837
Alessio Cragno,Cagliari,26,Italy,2020/2021,20000000,20000000,Goalkeeper,it Serie A,34,34,3060.0,34.0,-0.36587855946068215,0.9839734821218731,0.08553872660939255,-1.2794273363245012,0.08239166008115795
Alex McCarthy,Southampton,27,England,2017/2018,3000000,2500000,Goalkeeper,eng Premier League,18,18,1620.0,18.0,-0.9575791472695119,-0.7578333633093348,-0.08535934520348515,-0.5867039064262876,-0.6139818862404596
Alex McCarthy,Southampton,28,England,2018/2019,4000000,5000000,Goalkeeper,eng Premier League,25,25,2250.0,25.0,-0.6894851420158021,-0.4920241512400364,-0.2237260516454529,-1.2077162840604572,-0.581668693958395
Alex McCarthy,Southampton,29,England,2019/2020,5000000,4000000,Goalkeeper,eng Premier League,28,28,2520.0,28.0,-0.17955816153411464,0.1952001683782363,-0.08679810956425478,0.059899586620411366,0.010715929150852052
Alex McCarthy,Southampton,30,England,2020/2021,6500000,5000000,Goalkeeper,eng Premier League,30,30,2700.0,30.0,-0.5621602633340977,-0.621024154202169,-0.049933193501265384,-1.1760257540117647,-0.5467856812813646
Alex Meret,SPAL,20,Italy,2017/2018,4000000,12000000,Goalkeeper,it Serie A,13,13,1158.0,12.9,-0.8130221613862592,1.4835052793336603,0.8791081361008469,-0.11575236541509554,0.5183854866331638
Alex Meret,Napoli,21,Italy,2018/2019,16000000,25000000,Goalkeeper,it Serie A,14,13,1151.0,12.8,-0.020670863039374217,1.070690957755245,-0.27307695936566495,1.0070325402550173,0.45235976065132855
Alex Meret,Napoli,22,Italy,2019/2020,30000000,28000000,Goalkeeper,it Serie A,22,21,1951.0,21.7,-0.6848167809941275,-0.8090965232132742,-0.8090186466944471,-0.21764316984186627,-0.6892891155230695
Alex Meret,Napoli,23,Italy,2020/2021,25000000,20000000,Goalkeeper,it Serie A,22,22,1980.0,22.0,0.11174564006511033,-0.32837198318545663,-1.1453175612180984,0.33202353476730473,-0.3235196441880611
Alexander Nübel,Schalke 04,20,Germany,2017/2018,300000,500000,Goalkeeper,de Bundesliga,1,0,45.0,0.5,0.19920054994590924,2.214546915924147,-2.6683268703280683,1.6715022671877182,0.4085351805560694
Alexander Nübel,Schalke 04,21,Germany,2018/2019,2500000,12000000,Goalkeeper,de Bundesliga,18,18,1588.0,17.6,-0.266883742659286,-0.21896698901038777,0.5742585228082149,-0.7829407734422742,-0.1172358671327446
Alexander Nübel,Schalke 04,22,Germany,2019/2020,16000000,9500000,Goalkeeper,de Bundesliga,26,26,2315.0,25.7,0.4757403924386148,-0.11722505175583778,-0.15517312846281914,-0.756027239309348,-0.07429103801699649
Alexander Nübel,Bayern Munich,23,Germany,2020/2021,8000000,6000000,Goalkeeper,de Bundesliga,1,1,90.0,1.0,0.3635042213545024,0.5845941624726948,-3.23442868250038,-1.846510946497308,-0.7900998003956226
Alexander Schwolow,Freiburg,25,Germany,2017/2018,4000000,6000000,Goalkeeper,de Bundesliga,33,33,2906.0,32.3,0.31126964606614393,-0.49200181853126185,-0.0013475342347018847,-1.2093387377599343,-0.27612091919207127
Alexander Schwolow,Freiburg,26,Germany,2018/2019,7000000,9000000,Goalkeeper,de Bundesliga,33,33,2970.0,33.0,-0.1996967190606025,0.39130349430900524,-0.9308783989677245,-2.1309854041428764,-0.4653353671203614
Alexander Schwolow,Freiburg,27,Germany,2019/2020,9000000,7000000,Goalkeeper,de Bundesliga,24,24,2091.0,23.2,0.5124612630270932,0.9430952346046122,-0.07323498862480114,-1.0501161250916191,0.28237248194844433
Alexander Schwolow,Hertha BSC,28,Germany,2020/2021,8000000,5000000,Goalkeeper,de Bundesliga,26,26,2340.0,26.0,0.36562248426492516,-0.19106169092235195,-0.07214786689268422,-0.49982282154399604,-0.06847636071136234
Alfred Gomis,SPAL,23,Senegal,2017/2018,1800000,3000000,Goalkeeper,it Serie A,26,25,2261.0,25.1,-0.45730004024641047,0.8645527615820413,0.711581393656259,-1.3053893037061153,0.17035540935025933
Alfred Gomis,SPAL,24,Senegal,2018/2019,3000000,2000000,Goalkeeper,it Serie A,20,19,1724.0,19.2,0.0633459991694011,-0.26759545651044697,-0.7537459456244585,-0.6987288788719336,-0.3710677282232108
Alfred Gomis,Dijon,25,Senegal,2019/2020,3000000,2400000,Goalkeeper,fr Ligue 1,19,19,1619.0,18.0,0.8206008746701761,1.59115172327675,0.9121741334516034,-0.43678877978906416,0.9245785382089476
Alfred Gomis,Rennes,26,Senegal,2020/2021,9000000,7000000,Goalkeeper,fr Ligue 1,22,22,1980.0,22.0,-0.1608455658409786,-0.5405846620670676,-0.5190339628261015,-0.04845465614566441,-0.36644271231209335
Alisson,Roma,24,Brazil,2017/2018,7000000,60000000,Goalkeeper,it Serie A,37,37,3330.0,37.0,0.8140288349713194,0.8617318708759291,1.2063416403610534,1.3728887474733276,1.0126320857606674
Alisson,Liverpool,25,Brazil,2018/2019,65000000,80000000,Goalkeeper,eng Premier League,38,38,3420.0,38.0,0.7964880795730437,-0.1975133013001081,-0.4315627959126948,2.061629693364648,0.33134611946474657
Alisson,Liverpool,26,Brazil,2019/2020,90000000,72000000,Goalkeeper,eng Premier League,29,29,2543.0,28.3,0.8267273126939401,-0.9193643570899508,-0.16060605533385214,1.4888166672369083,0.06807528944407545
Alisson,Liverpool,27,Brazil,2020/2021,80000000,60000000,Goalkeeper,eng Premier League,33,33,2970.0,33.0,0.8051981039448679,-0.18655510481382095,0.6369830627951526,0.9402000584228526,0.4362810137635956
Alphonse Areola,Paris S-G,24,France,2017/2018,10000000,15000000,Goalkeeper,fr Ligue 1,34,34,3060.0,34.0,-0.11732688202029912,-0.47399904847363267,-0.10830069793102992,2.29173019491279,0.12145296728331478
Alphonse Areola,Paris S-G,25,France,2018/2019,15000000,17500000,Goalkeeper,fr Ligue 1,21,21,1890.0,21.0,-0.21946586873943846,0.2824403844686849,-0.7797696012325216,1.8021515803590178,0.1193680041249024
Alphonse Areola,Real Madrid,26,France,2019/2020,16000000,13000000,Goalkeeper,es La Liga,4,4,360.0,4.0,-0.07984583509872623,-0.4846273036924524,0.18068267126124093,0.6603673134405248,-0.04535525023565094
Alphonse Areola,Fulham,27,France,2020/2021,13000000,17000000,Goalkeeper,eng Premier League,36,36,3240.0,36.0,-0.24192953534521444,0.6289874709661684,0.4380124958987009,-0.2611887188721473,0.22998804714570842
Andrea Consigli,Sassuolo,30,Italy,2017/2018,8000000,5000000,Goalkeeper,it Serie A,37,37,3316.0,36.8,0.08812102922992973,-0.15101681161166114,1.2927743260806872,-0.6764888318475317,0.1908946299864431
Andrea Consigli,Sassuolo,31,Italy,2018/2019,5000000,4000000,Goalkeeper,it Serie A,36,36,3213.0,35.7,-0.08161605621684827,-0.9369390081613874,0.9581366035303575,-0.20872864217719733,-0.1401078123546879
Andrea Consigli,Sassuolo,32,Italy,2019/2020,3500000,2800000,Goalkeeper,it Serie A,31,31,2790.0,31.0,-0.4756470758044959,-0.5197562194054911,0.36914494454004326,-0.77852637444862,-0.32531916577532805
Andrea Consigli,Sassuolo,33,Italy,2020/2021,3000000,3000000,Goalkeeper,it Serie A,37,37,3330.0,37.0,0.4246075027299877,0.44080517167090777,0.6084268979514539,-0.5010879900008761,0.33737721175504665
Andreas Luthe,Augsburg,30,Germany,2017/2018,500000,500000,Goalkeeper,de Bundesliga,2,2,180.0,2.0,0.27626902085128713,-0.5154870247948896,0.06005207892018581,-1.901784656639436,-0.3816078822312585
Andreas Luthe,Augsburg,31,Germany,2018/2019,1000000,700000,Goalkeeper,de Bundesliga,15,14,1311.0,14.6,0.8368409851481373,0.842487384992517,-0.4957118172592658,-0.9854265408223114,0.2323388955962521
Andreas Luthe,Augsburg,32,Germany,2019/2020,500000,400000,Goalkeeper,de Bundesliga,10,10,900.0,10.0,0.810349123575654,0.5489186750048836,-0.3780358822780263,-0.38868853733265724,0.24189656597621761
Andreas Luthe,Union Berlin,33,Germany,2020/2021,900000,900000,Goalkeeper,de Bundesliga,31,31,2768.0,30.8,0.002363532255521328,-0.07845246025345619,-0.03143799928950271,-0.5474487945944384,-0.11684429703637077
Andrés Fernández,Villarreal,30,Spain,2017/2018,1500000,800000,Goalkeeper,es La Liga,3,3,225.0,2.5,-1.0034052180499513,0.1906545233991952,-0.6429429701988513,-2.154071017457957,-0.6679686164911759
Andrés Fernández,Villarreal,31,Spain,2018/2019,800000,1500000,Goalkeeper,es La Liga,6,6,540.0,6.0,0.37023501018562593,0.3417779217554387,0.23487263829304258,0.24253362176017246,0.30727922799809654
Andrés Fernández,Villarreal,32,Spain,2019/2020,1000000,800000,Goalkeeper,es La Liga,4,4,360.0,4.0,-0.6627794879557418,-0.11451280531167661,0.5412190271865274,-0.5133428093924559,-0.14747101846025878
Andrés Fernández,Huesca,33,Spain,2020/2021,600000,600000,Goalkeeper,es La Liga,16,16,1440.0,16.0,-0.4211998478033625,-0.8128653452270027,-0.3121271382608847,-0.3943182450248781,-0.5269823540992444
Anthony Lopes,Lyon,26,Portugal,2017/2018,14000000,20000000,Goalkeeper,fr Ligue 1,34,34,3060.0,34.0,-0.23752331967047371,0.3215923091240794,0.8619985236534775,1.0411350856447998,0.4248463720358987
Anthony Lopes,Lyon,27,Portugal,2018/2019,20000000,25000000,Goalkeeper,fr Ligue 1,34,34,3060.0,34.0,0.269244912685556,0.12239473682890671,-0.8564910675906172,0.03906133487234279,-0.09811418060529654
Anthony Lopes,Lyon,28,Portugal,2019/2020,22000000,17500000,Goalkeeper,fr Ligue 1,26,26,2340.0,26.0,0.3294729881807946,0.09305701641684136,-0.846432074211586,0.2821131811957957,-0.05435283858243401
Anthony Lopes,Lyon,29,Portugal,2020/2021,19000000,14000000,Goalkeeper,fr Ligue 1,38,38,3420.0,38.0,0.42544486832515815,-0.5700751792576272,0.14512183394496217,0.6366791286663329,0.03861723212731052
Antonio Mirante,Bologna,34,Italy,2017/2018,2000000,1000000,Goalkeeper,it Serie A,33,33,2970.0,33.0,0.9015905948481063,-0.0945197379096979,0.6371507834949802,-1.0121734348735882,0.1997774210863391
Antonio Mirante,Roma,35,Italy,2018/2019,800000,800000,Goalkeeper,it Serie A,11,11,990.0,11.0,0.348939750290679,1.3078560341733898,-0.31278549636458153,1.1370050741599977,0.6373389365662104
Antonio Mirante,Roma,36,Italy,2019/2020,800000,650000,Goalkeeper,it Serie A,5,5,450.0,5.0,0.40702648963408083,0.8598671681618858,-0.08188649107731842,-0.09173221884032244,0.3684786756698022
Antonio Mirante,Roma,37,Italy,2020/2021,650000,1000000,Goalkeeper,it Serie A,13,13,1153.0,12.8,0.12479951094226355,-0.7247111973440163,0.6366256412550946,0.22804355943632326,-0.029086097105617707
Baptiste Reynet,Dijon,26,France,2017/2018,3000000,5000000,Goalkeeper,fr Ligue 1,38,38,3420.0,38.0,0.4665611436064273,0.07878947853675135,2.0702163204500645,-1.350034864176677,0.45926545387548434
Baptiste Reynet,Toulouse,27,France,2018/2019,5000000,5000000,Goalkeeper,fr Ligue 1,31,31,2704.0,30.0,0.17172781838609513,-0.013019743053181126,1.1435108632750628,-1.0490580967329466,0.16689404583673412
Baptiste Reynet,Toulouse,28,France,2019/2020,4000000,2400000,Goalkeeper,fr Ligue 1,23,22,2035.0,22.6,0.2977270500390822,-1.1739754165170633,1.1530402282379821,-1.883936408970908,-0.3307900375573422
Baptiste Reynet,Nîmes,29,France,2020/2021,2500000,2000000,Goalkeeper,fr Ligue 1,38,38,3420.0,38.0,0.4160450347000002,-0.20094136574200025,0.7841470396754578,-1.4431910349698445,0.013239885338687751
Bartłomiej Drągowski,Fiorentina,19,Poland,2017/2018,3000000,2000000,Goalkeeper,it Serie A,3,1,217.0,2.4,-0.5682671084059501,0.057055779344260864,-1.6822793596233427,-2.7925435777869168,-0.9615486309048694
Bartłomiej Drągowski,Empoli,20,Poland,2018/2019,1500000,10000000,Goalkeeper,it Serie A,14,14,1260.0,14.0,0.09920379165728038,1.658088114590921,1.250668227611586,-0.983482768051061,0.7702764297163797
Bartłomiej Drągowski,Fiorentina,21,Poland,2019/2020,14000000,11000000,Goalkeeper,it Serie A,31,31,2790.0,31.0,-0.7146029004645053,0.0517562598636342,0.3653708842071396,-0.4488475212584867,-0.13652044130084245
Bartłomiej Drągowski,Fiorentina,22,Poland,2020/2021,15000000,16000000,Goalkeeper,it Serie A,36,36,3148.0,35.0,-0.7413158809269277,-1.0877972284409068,0.6244138271657114,-0.441836059109222,-0.47622995226100473
Benjamin Lecomte,Montpellier,26,France,2017/2018,2500000,6000000,Goalkeeper,fr Ligue 1,38,38,3420.0,38.0,-0.592089515003399,0.32231312623006,0.5529811250819955,0.7090451424101307,0.20938926806168973
Benjamin Lecomte,Montpellier,27,France,2018/2019,8000000,17000000,Goalkeeper,fr Ligue 1,37,37,3330.0,37.0,0.2273717076676804,-0.22710072155254163,0.9430345989940493,0.12201829299643109,0.2314190680715075
Benjamin Lecomte,Monaco,28,France,2019/2020,14000000,11000000,Goalkeeper,fr Ligue 1,28,28,2520.0,28.0,0.0680064067336309,0.4231361004949866,0.41993733078182743,-0.6496637838413964,0.1726340019759004
Benjamin Lecomte,Monaco,29,France,2020/2021,11000000,10000000,Goalkeeper,fr Ligue 1,28,28,2520.0,28.0,0.2600296655252353,-2.0685173764513345,-0.21531033694417054,1.2965655572406092,-0.5183164160266095
Benoît Costil,Bordeaux,30,France,2017/2018,7500000,6500000,Goalkeeper,fr Ligue 1,36,36,3240.0,36.0,-0.6089697652525796,-1.2937850646113653,1.197971907629987,0.5204498532107338,-0.22750675903801587
Benoît Costil,Bordeaux,31,France,2018/2019,6500000,5500000,Goalkeeper,fr Ligue 1,37,37,3330.0,37.0,-0.21477589313607734,0.44486160696482735,0.09022906622202433,-0.28822016892980734,0.0813318303697052
Benoît Costil,Bordeaux,32,France,2019/2020,5000000,4000000,Goalkeeper,fr Ligue 1,28,28,2520.0,28.0,-0.07733868301731849,-0.3791880431130267,0.4111262666029839,-0.12750364163632283,-0.06839446543859139
Benoît Costil,Bordeaux,33,France,2020/2021,3500000,2800000,Goalkeeper,fr Ligue 1,38,38,3420.0,38.0,-0.10946820597553744,-0.6318922274907209,0.4033032014272368,-0.2638528473958149,-0.18728145786819972
Bernd Leno,Leverkusen,25,Germany,2017/2018,16000000,20000000,Goalkeeper,de Bundesliga,33,33,2970.0,33.0,0.5754406535260036,-1.4304287835875893,0.62032696952257,0.6688921927519309,-0.1013743395807232
Bernd Leno,Arsenal,26,Germany,2018/2019,22000000,30000000,Goalkeeper,eng Premier League,32,31,2836.0,31.5,0.07107084230502292,0.7451668387264279,-0.3159293593550672,-0.25548317503995316,0.16127128803574572
Bernd Leno,Arsenal,27,Germany,2019/2020,35000000,28000000,Goalkeeper,eng Premier League,30,30,2649.0,29.4,-0.27695981395992136,1.4588035330360518,0.12021156507053384,-0.44050995929985437,0.40531768044529304
Bernd Leno,Arsenal,28,Germany,2020/2021,32000000,22000000,Goalkeeper,eng Premier League,35,35,3131.0,34.8,0.02502632147529721,-0.25553976922328936,-0.8670752660729056,0.4294166005511351,-0.2355386652948831
Ciprian Tătărușanu,Nantes,31,Romania,2017/2018,4000000,4000000,Goalkeeper,fr Ligue 1,37,37,3330.0,37.0,-0.3716417649858125,-0.24060504399469057,1.1607737717085977,0.62670855854116,0.2070775200637286
Ciprian Tătărușanu,Nantes,32,Romania,2018/2019,4000000,2500000,Goalkeeper,fr Ligue 1,27,27,2390.0,26.6,0.1399653966903589,-0.5424831212945941,0.746741701097562,0.004198358352796407,0.032437435746791754
Ciprian Tătărușanu,Lyon,33,Romania,2019/2020,1500000,1200000,Goalkeeper,fr Ligue 1,2,2,180.0,2.0,0.8601909746512809,0.4130793490487021,0.012432240003519921,-0.028857239478897418,0.35840498990891134
Ciprian Tătărușanu,Milan,34,Romania,2020/2021,700000,600000,Goalkeeper,it Serie A,1,1,90.0,1.0,-1.062551194306784,0.5485929083846555,-0.9472219255452955,-1.63659635069354,-0.5559252146324215
David Ospina,Arsenal,28,Colombia,2017/2018,7000000,5000000,Goalkeeper,eng Premier League,5,4,381.0,4.2,0.6719561885977603,0.46117148682703824,-0.011494894727921725,0.772917606196386,0.44246298478638096
David Ospina,Napoli,29,Colombia,2018/2019,5000000,4000000,Goalkeeper,it Serie A,17,16,1457.0,16.2,-0.11687956213522929,0.12186387056044212,-0.6001123414260937,-0.02712021362308917,-0.14066365323763938
David Ospina,Napoli,30,Colombia,2019/2020,3500000,2800000,Goalkeeper,it Serie A,17,17,1469.0,16.3,0.07968745889350462,-0.1747602349673192,-0.7574777351520257,0.5229351364836785,-0.1521733808306402
David Ospina,Napoli,31,Colombia,2020/2021,4000000,5000000,Goalkeeper,it Serie A,16,16,1440.0,16.0,0.03354388460894986,-0.41940986448980955,0.02004163442197435,1.4019433231230254,0.07689442565475152
David Soria,Sevilla,24,Spain,2017/2018,1500000,4000000,Goalkeeper,es La Liga,15,15,1263.0,14.0,-0.7075066281907083,-0.23943570035076583,0.16389667204291808,0.3312940302870912,-0.17001087961665196
David Soria,Getafe,25,Spain,2018/2019,3000000,15000000,Goalkeeper,es La Liga,37,37,3330.0,37.0,-0.9243321373158904,0.22459846879838594,1.1310482404477453,0.5620617281630457,0.2145977490868557
David Soria,Getafe,26,Spain,2019/2020,18000000,14500000,Goalkeeper,es La Liga,38,38,3420.0,38.0,-0.8113496365771463,-1.6515480424964488,1.5237406065387809,0.8720707246748378,-0.26913346368212276
David Soria,Getafe,27,Spain,2020/2021,15000000,9000000,Goalkeeper,es La Liga,28,28,2520.0,28.0,-0.7197621509634298,-1.8639132835774366,1.6432852454994011,0.38601687100858745,-0.36358634496682174
David de Gea,Manchester Utd,26,Spain,2017/2018,40000000,70000000,Goalkeeper,eng Premier League,37,37,3330.0,37.0,-0.19541039480981795,1.3276131262611306,-0.3414690613093436,1.174364696006193,0.5065994345625342
David de Gea,Manchester Utd,27,Spain,2018/2019,70000000,65000000,Goalkeeper,eng Premier League,38,38,3420.0,38.0,-0.09500356855076128,0.3885571694805429,-0.2788830502576041,-0.5782751637145714,-0.044217919941087064
David de Gea,Manchester Utd,28,Spain,2019/2020,60000000,40000000,Goalkeeper,eng Premier League,38,38,3420.0,38.0,-0.6116304873537102,-0.009622506487801953,-1.2101766803624938,0.8239720467433825,-0.33522386218827427
David de Gea,Manchester Utd,29,Spain,2020/2021,35000000,18000000,Goalkeeper,eng Premier League,26,26,2295.0,25.5,-0.8976688828257711,-0.6817178053343775,-1.1235123512828684,0.5303215175895527,-0.664348312755759
Ederson,Manchester City,23,Brazil,2017/2018,22000000,50000000,Goalkeeper,eng Premier League,36,36,3194.0,35.5,0.7081706057829852,-1.724738921995219,-0.8412406396605863,1.8365912533784914,-0.3614374431609532
Ederson,Manchester City,24,Brazil,2018/2019,60000000,70000000,Goalkeeper,eng Premier League,38,38,3420.0,38.0,0.013760793981854758,-0.6402732462335662,-0.949298793775855,2.312852001671946,-0.11105233587945634
Ederson,Manchester City,25,Brazil,2019/2020,70000000,56000000,Goalkeeper,eng Premier League,35,35,3071.0,34.1,0.6511955840129985,-0.9023976815696054,-0.3515531365893993,1.7797194854714966,0.02602934612726243
Ederson,Manchester City,26,Brazil,2020/2021,56000000,50000000,Goalkeeper,eng Premier League,36,36,3240.0,36.0,-0.21400454561976526,-0.667025722562046,-0.21890823951598928,1.933699320711549,-0.05163230107392236
Fernando Pacheco,Alavés,25,Spain,2017/2018,5000000,9000000,Goalkeeper,es La Liga,38,37,3360.0,37.3,-1.1465518130773718,0.9402254322439275,0.7340168452369472,-0.031302095702372086,0.22124984496991265
Fernando Pacheco,Alavés,26,Spain,2018/2019,12000000,15000000,Goalkeeper,es La Liga,35,35,3150.0,35.0,-0.3952451862058205,-0.117132350564926,0.6283317011792143,-0.5381121081244383,-0.0634415101730414
Fernando Pacheco,Alavés,27,Spain,2019/2020,18000000,14500000,Goalkeeper,es La Liga,27,27,2358.0,26.2,-0.8483600876647429,-0.7065343253852366,1.3803465709271803,-0.2749428139110901,-0.15553181515588696
Fernando Pacheco,Alavés,28,Spain,2020/2021,14000000,8000000,Goalkeeper,es La Liga,38,37,3349.0,37.2,-0.06913825612399477,-0.9099107544324545,-0.22740581026821763,-0.8051160345878704,-0.5133721858375927
Florian Müller,Mainz 05,19,Germany,2017/2018,275000,1000000,Goalkeeper,de Bundesliga,5,5,450.0,5.0,-0.41181911238627256,-0.5293508624300719,-0.815629342113777,-0.5974535922040126,-0.5817529543061395
Florian Müller,Mainz 05,20,Germany,2018/2019,4000000,10000000,Goalkeeper,de Bundesliga,24,24,2160.0,24.0,0.2376255553094437,-0.18423027787799082,-0.42935131586626746,-1.3059018970416798,-0.30829732195275467
Florian Müller,Mainz 05,21,Germany,2019/2020,6500000,2400000,Goalkeeper,de Bundesliga,13,12,1125.0,12.5,0.3027537372945311,-0.5683862901536741,0.9740533779012387,-1.2378816472182035,-0.065415669837574
Florian Müller,Freiburg,22,Germany,2020/2021,4000000,8000000,Goalkeeper,de Bundesliga,31,31,2790.0,31.0,0.4868334434274431,0.5145371391217478,0.24847094080847246,-0.8987715071351293,0.2290983686813212
Gerónimo Rulli,Real Sociedad,25,Argentina,2017/2018,14000000,10000000,Goalkeeper,es La Liga,26,26,2340.0,26.0,0.2598943377769063,-1.3067370748872034,0.5963338837591596,-0.5683367016104637,-0.3285514260680742
Gerónimo Rulli,Real Sociedad,26,Argentina,2018/2019,6000000,10000000,Goalkeeper,es La Liga,27,27,2430.0,27.0,0.6751996378576492,-0.4223734768304727,1.3671832920377278,-0.23291159376653248,0.327828276518199
Gerónimo Rulli,Montpellier,27,Argentina,2019/2020,10000000,8000000,Goalkeeper,fr Ligue 1,25,25,2250.0,25.0,0.9971061418299406,0.5001634026373701,2.2230068357537243,0.39328000463565155,1.0390774360143435
Gerónimo Rulli,Villarreal,28,Argentina,2020/2021,5000000,4000000,Goalkeeper,es La Liga,2,2,180.0,2.0,0.6948942534613348,0.5670405453217268,-3.2470693254452225,-2.7039448627570537,-0.8451713065469256
Gianluca Pegolo,Sassuolo,36,Italy,2017/2018,200000,150000,Goalkeeper,it Serie A,2,1,104.0,1.2,-0.39344087509744863,1.7955248010136324,-3.0783925378686146,-1.6366103896339512,-0.4850162313318372
Gianluca Pegolo,Sassuolo,37,Italy,2018/2019,150000,150000,Goalkeeper,it Serie A,3,2,203.0,2.3,-0.06302154983576713,0.7099025040704832,-2.6301731274255253,-2.2223770172625943,-0.7581893454800431
Gianluca Pegolo,Sassuolo,38,Italy,2019/2020,150000,150000,Goalkeeper,it Serie A,5,5,450.0,5.0,0.10273633673042354,2.2829823052529346,-1.2960503256377394,0.3220782228972892,0.5490270430462915
Gianluca Pegolo,Sassuolo,39,Italy,2020/2021,150000,100000,Goalkeeper,it Serie A,1,1,90.0,1.0,-0.8541666338004812,0.2853330663855711,-2.5685441474161093,1.264343640377943,-0.5661595760125063
Gianluigi Buffon,Juventus,39,Italy,2017/2018,2000000,2000000,Goalkeeper,it Serie A,21,21,1862.0,20.7,-0.2151552850846026,0.10292959913399072,0.6301850438811816,2.118912488350506,0.4576196726486174
Gianluigi Buffon,Paris S-G,40,Italy,2018/2019,1000000,1000000,Goalkeeper,fr Ligue 1,17,17,1530.0,17.0,0.22213429616489178,0.039104325869656884,-1.421701439000773,1.093337167368562,-0.12220469654930607
Gianluigi Buffon,Juventus,41,Italy,2019/2020,1000000,1000000,Goalkeeper,it Serie A,9,9,810.0,9.0,0.03541263775727502,-0.3590080507655411,-1.1400857864114637,0.7262600623962533,-0.2928820955720486
Gianluigi Buffon,Juventus,42,Italy,2020/2021,1000000,1000000,Goalkeeper,it Serie A,8,8,720.0,8.0,0.09866294354164734,-0.6680236937332636,0.6018438845820913,1.6936816818214049,0.19537066649750312
Gianluigi Donnarumma,Milan,18,Italy,2017/2018,25000000,40000000,Goalkeeper,it Serie A,38,38,3420.0,38.0,-0.02098543524736876,-0.27506127452656925,-0.8591259676933528,0.36413536850522504,-0.2616789915436959
Gianluigi Donnarumma,Milan,19,Italy,2018/2019,40000000,55000000,Goalkeeper,it Serie A,36,36,3090.0,34.3,0.44273802122123396,0.6296635110203805,0.4924926751591447,0.6894815657744092,0.5576121378183893
Gianluigi Donnarumma,Milan,20,Italy,2019/2020,55000000,49500000,Goalkeeper,it Serie A,36,36,3201.0,35.6,0.06575707616243863,0.052453085253621086,1.1051641582451819,0.5433940939104401,0.39259800252723853
Gianluigi Donnarumma,Milan,21,Italy,2020/2021,60000000,65000000,Goalkeeper,it Serie A,37,37,3330.0,37.0,0.23813348270432202,-0.34402427667361146,0.7913502872547561,1.0296133665164926,0.2914044506314794
Hugo Lloris,Tottenham,30,France,2017/2018,24000000,25000000,Goalkeeper,eng Premier League,36,36,3240.0,36.0,0.4941208031113851,-0.6599554173077077,0.9875546264019714,1.1007124425109358,0.3045413276972818
Hugo Lloris,Tottenham,31,France,2018/2019,30000000,25000000,Goalkeeper,eng Premier League,33,33,2970.0,33.0,0.5809722896357131,0.9980282325786256,-0.04539099318167385,0.7293112719093493,0.5926018963024312
Hugo Lloris,Tottenham,32,France,2019/2020,18000000,14500000,Goalkeeper,eng Premier League,21,21,1807.0,20.1,-0.22804046239947864,1.8886207152670742,0.49416885397078175,0.4574139652207332,0.7961614430194117
Hugo Lloris,Tottenham,33,France,2020/2021,12000000,9000000,Goalkeeper,eng Premier League,38,38,3420.0,38.0,-0.7878725281699648,0.4859683078467979,-0.2555423023182951,0.3832345629862444,-0.033279615427749064
Jan Oblak,Atlético Madrid,24,Slovenia,2017/2018,40000000,70000000,Goalkeeper,es La Liga,37,37,3330.0,37.0,-1.2527910268630411,1.1715745523260206,1.0802042227051956,2.182317308635694,0.6942519885699998
Jan Oblak,Atlético Madrid,25,Slovenia,2018/2019,80000000,100000000,Goalkeeper,es La Liga,37,37,3330.0,37.0,-0.9188422171052623,1.1628123364146747,0.6404910673343046,1.708140388284913,0.5936175885451337
Jan Oblak,Atlético Madrid,26,Slovenia,2019/2020,100000000,80000000,Goalkeeper,es La Liga,38,38,3395.0,37.7,-0.7306238703673914,-0.29757418076535647,-0.09104399111048965,1.3934549526604767,-0.10054968573827355
Jan Oblak,Atlético Madrid,27,Slovenia,2020/2021,90000000,70000000,Goalkeeper,es La Liga,38,38,3420.0,38.0,-0.4660552506267106,0.6912842161345357,0.7027364496515591,1.7758502282761208,0.5674973096447178
Jasper Cillessen,Barcelona,28,Netherlands,2017/2018,9000000,9000000,Goalkeeper,es La Liga,1,1,90.0,1.0,0.3002149013218476,1.423040820188853,-0.5096119397261071,0.8629444457540417,0.5751566943281399
Jasper Cillessen,Barcelona,29,Netherlands,2018/2019,20000000,18000000,Goalkeeper,es La Liga,3,3,270.0,3.0,0.482670940163682,-0.015244214415339467,-0.2347804987625664,-0.2725095152564725,0.015760708016439216
Jasper Cillessen,Valencia,30,Netherlands,2019/2020,18000000,14500000,Goalkeeper,es La Liga,24,24,2096.0,23.3,-0.764398386088782,0.26913534922053217,1.5403843190467255,-0.1089133667260597,0.2718568504577632
Jasper Cillessen,Valencia,31,Netherlands,2020/2021,12000000,5000000,Goalkeeper,es La Liga,10,10,900.0,10.0,-0.23021802697096985,0.50542760753732,0.5433083983957063,0.08088033357613235,0.267304305530666
Jaume Doménech,Valencia,26,Spain,2017/2018,2500000,2500000,Goalkeeper,es La Liga,5,5,450.0,5.0,-0.11449467105404598,0.8022875546149414,-0.2602040404993108,0.6925065617610161,0.2910019504910427
Jaume Doménech,Valencia,27,Spain,2018/2019,2500000,2500000,Goalkeeper,es La Liga,4,4,360.0,4.0,-0.2074340433812225,0.74061421353918,-0.445892848725676,1.1405485157795234,0.26696552907891685
Jaume Doménech,Valencia,28,Spain,2019/2020,7500000,6000000,Goalkeeper,es La Liga,15,14,1324.0,14.7,-0.025928032336118817,0.7351943253677874,-0.18355254172805918,-0.9540590603862334,0.061839011304746005
Jaume Doménech,Valencia,29,Spain,2020/2021,6000000,4000000,Goalkeeper,es La Liga,28,28,2520.0,28.0,-0.032392036183697986,0.02794644371230461,0.5924083844190068,-1.0366148341460713,-0.0057068827637768715
Jessy Moulin,Saint-Étienne,31,France,2017/2018,250000,250000,Goalkeeper,fr Ligue 1,4,3,305.0,3.4,-0.60358901071382,2.915389898605766,0.12644164200315228,-1.235562357119163,0.7157652687664766
Jessy Moulin,Saint-Étienne,32,France,2018/2019,250000,250000,Goalkeeper,fr Ligue 1,1,1,90.0,1.0,0.8864138283938996,4.0594616239007575,-3.365736405295062,-1.5039316498971538,0.5753911766554014
Jessy Moulin,Saint-Étienne,33,France,2019/2020,250000,250000,Goalkeeper,fr Ligue 1,5,5,450.0,5.0,-0.5106982501584783,2.2101780131975888,-0.10400379349611281,0.4288952611722991,0.684221082881353
Jessy Moulin,Saint-Étienne,34,France,2020/2021,500000,600000,Goalkeeper,fr Ligue 1,29,29,2610.0,29.0,-0.27595767230368107,-0.8289531071990672,-0.9529702404256891,-0.3682660881896439,-0.6526054789304626
Jiří Pavlenka,Werder Bremen,25,Czech Republic,2017/2018,1500000,10000000,Goalkeeper,de Bundesliga,34,34,3060.0,34.0,0.2188140099660441,1.25129606245695,0.4885243879242344,-0.4166621606142655,0.5522888972403623
Jiří Pavlenka,Werder Bremen,26,Czech Republic,2018/2019,10000000,12000000,Goalkeeper,de Bundesliga,34,34,2977.0,33.1,0.6349188543967755,0.6153083554728237,-0.6330519318423654,-1.0684260814012305,0.05556074284390622
Jiří Pavlenka,Werder Bremen,27,Czech Republic,2019/2020,10000000,6500000,Goalkeeper,de Bundesliga,33,33,2970.0,33.0,0.5818315561699976,-0.39824274541324295,-0.9139183507995404,-2.0050121016331075,-0.5231584747969868
Jiří Pavlenka,Werder Bremen,28,Czech Republic,2020/2021,6500000,5500000,Goalkeeper,de Bundesliga,34,34,3060.0,34.0,0.16175289042285365,-0.5489230442085364,0.30046525377704736,-1.0486439403758254,-0.2338651204793863
Jordan Pickford,Everton,23,England,2017/2018,15000000,30000000,Goalkeeper,eng Premier League,38,38,3420.0,38.0,-0.3393098750607284,-0.360880745527321,1.0548725783064736,-0.5907017034838788,-0.03602284064570786
Jordan Pickford,Everton,24,England,2018/2019,35000000,40000000,Goalkeeper,eng Premier League,38,38,3420.0,38.0,-0.23536069537210155,-0.9176838743589172,0.8403824874464838,0.32306332770930574,-0.12147440885062954
Jordan Pickford,Everton,25,England,2019/2020,35000000,28000000,Goalkeeper,eng Premier League,38,38,3420.0,38.0,0.006835004807742517,-0.8344589490557787,-0.3807535199384009,-0.665540942378801,-0.4853714023090072
Jordan Pickford,Everton,26,England,2020/2021,26000000,25000000,Goalkeeper,eng Premier League,31,31,2742.0,30.5,0.13461751620963486,0.07269753919153268,0.2825201751837195,-0.21049509781596135,0.09815429689298084
Kasper Schmeichel,Leicester City,30,Denmark,2017/2018,10000000,10000000,Goalkeeper,eng Premier League,33,33,2965.0,32.9,0.10283609201723137,-1.0903150406314441,1.9021754065006606,-0.28129340538463665,0.07744859960077208
Kasper Schmeichel,Leicester City,31,Denmark,2018/2019,12000000,12000000,Goalkeeper,eng Premier League,38,38,3420.0,38.0,0.13644978870832408,-0.27504866973566167,-0.009259345978714334,-0.3578832552857155,-0.11815191201793646
Kasper Schmeichel,Leicester City,32,Denmark,2019/2020,12000000,9500000,Goalkeeper,eng Premier League,38,38,3420.0,38.0,-0.12274262359375171,-0.2166228782980998,0.22628992282295265,0.6631663315798032,0.04954376713993578
Kasper Schmeichel,Leicester City,33,Denmark,2020/2021,8000000,6000000,Goalkeeper,eng Premier League,38,38,3420.0,38.0,0.004206517139792254,-0.5216884775317868,-0.6477104286050289,-0.030000426705219012,-0.3479670090082174
Kepa Arrizabalaga,Athletic Club,22,Spain,2017/2018,8000000,20000000,Goalkeeper,es La Liga,30,30,2700.0,30.0,-0.09399353469830908,0.25422103896839704,0.9053118384357528,-0.7434964940386486,0.1802824654675026
Kepa Arrizabalaga,Chelsea,23,Spain,2018/2019,40000000,60000000,Goalkeeper,eng Premier League,36,36,3240.0,36.0,0.6568844785362998,-0.5232831782468546,-1.1001733710837969,0.6117341099387253,-0.20221121903246458
Kepa Arrizabalaga,Chelsea,24,Spain,2019/2020,60000000,32000000,Goalkeeper,eng Premier League,33,33,2970.0,33.0,0.440098237259602,-1.6750997217350945,-1.397658513451691,-0.07926021029819051,-0.8375640032000339
Kepa Arrizabalaga,Chelsea,25,Spain,2020/2021,28000000,13000000,Goalkeeper,eng Premier League,7,6,585.0,6.5,0.2837458197755941,-0.4624860546510528,-0.22109547820855527,-0.2121909779122901,-0.17803618042295227
Kevin Trapp,Paris S-G,27,Germany,2017/2018,10000000,8000000,Goalkeeper,fr Ligue 1,4,4,360.0,4.0,-1.397362810546485,2.4176659013328736,-1.4693959429223358,0.7011135624327258,0.23466041146420935
Kevin Trapp,Eint Frankfurt,28,Germany,2018/2019,10000000,10000000,Goalkeeper,de Bundesliga,33,33,2937.0,32.6,0.2816022374251815,0.5761205761272208,-0.015048037558499079,-1.1502196301124676,0.0957478070943277
Kevin Trapp,Eint Frankfurt,29,Germany,2019/2020,10000000,8000000,Goalkeeper,de Bundesliga,22,22,1980.0,22.0,1.0763855109695597,-0.36899819446925053,0.09043581517619728,-1.0207940608260218,0.009436854348298301
Kevin Trapp,Eint Frankfurt,30,Germany,2020/2021,7000000,6500000,Goalkeeper,de Bundesliga,33,33,2970.0,33.0,0.16620844625426956,-0.30004430338088645,0.15092505339582,-1.0044131072306177,-0.1763940973553805
Keylor Navas,Real Madrid,30,Costa Rica,2017/2018,18000000,18000000,Goalkeeper,es La Liga,27,27,2430.0,27.0,-0.21660772231623177,0.2619830208135275,0.6812011438772251,0.7929916338408673,0.326791157751113
Keylor Navas,Real Madrid,31,Costa Rica,2018/2019,15000000,10000000,Goalkeeper,es La Liga,10,10,900.0,10.0,0.3218950446114447,-0.1552375196790984,-0.7869185041609715,0.8752867368793488,-0.03929598624316383
Keylor Navas,Paris S-G,32,Costa Rica,2019/2020,10000000,8000000,Goalkeeper,fr Ligue 1,21,21,1890.0,21.0,0.19670191947940835,-0.24661048714515754,-1.1647905729859493,1.584527962861383,-0.0906566394482329
Keylor Navas,Paris S-G,33,Costa Rica,2020/2021,10000000,12000000,Goalkeeper,fr Ligue 1,29,29,2520.0,28.0,0.26522165186186425,0.7037513262313835,-1.0696418418437266,1.8004842948595858,0.31528056091445644
Koen Casteels,Wolfsburg,25,Belgium,2017/2018,2500000,6000000,Goalkeeper,de Bundesliga,34,34,3060.0,34.0,0.10244695236740638,0.2937533983078719,1.4671030143585937,-0.693752982273295,0.3911382337482609
Koen Casteels,Wolfsburg,26,Belgium,2018/2019,10000000,13000000,Goalkeeper,de Bundesliga,26,26,2295.0,25.5,1.4140187753732858,0.9349509556490567,1.2785168769897517,-0.9381923977955396,0.8596378878985983
Koen Casteels,Wolfsburg,27,Belgium,2019/2020,13000000,10500000,Goalkeeper,de Bundesliga,26,26,2340.0,26.0,0.6847566186564474,-0.4955177186357501,0.33379080117559384,-0.6203674846091163,-0.01184946925586966
Koen Casteels,Wolfsburg,28,Belgium,2020/2021,11000000,14000000,Goalkeeper,de Bundesliga,32,32,2880.0,32.0,0.7727821924176445,-0.8804186371916777,1.3078424978308871,0.9312838466557455,0.35170222654340755
Luigi Sepe,Napoli,26,Italy,2017/2018,1500000,1000000,Goalkeeper,it Serie A,1,1,90.0,1.0,-0.36811791115071696,1.1833180047186016,-1.9877661729456921,1.0012246174671962,-0.024626026752512298
Luigi Sepe,Parma,27,Italy,2018/2019,2500000,5000000,Goalkeeper,it Serie A,37,37,3330.0,37.0,-0.04367148297284562,0.8891399224644134,1.0581414008491634,-1.0472658921166536,0.40772656851412614
Luigi Sepe,Parma,28,Italy,2019/2020,5000000,4000000,Goalkeeper,it Serie A,34,34,3060.0,34.0,0.046999985231787944,1.2157115898179625,0.6256214028852308,-0.9985338149193577,0.44387433122763786
Luigi Sepe,Parma,29,Italy,2020/2021,6000000,3500000,Goalkeeper,it Serie A,36,36,3240.0,36.0,1.070118638776984,-0.3679983214701816,-0.5647826424834318,-2.25013019496872,-0.33998494268648344
Lukáš Hrádecký,Eint Frankfurt,27,Finland,2017/2018,4500000,10000000,Goalkeeper,de Bundesliga,34,34,3060.0,34.0,0.49361468390312924,-0.6368052892976328,0.1592688473463926,-0.5838242794006911,-0.14723461035189467
Lukáš Hrádecký,Leverkusen,28,Finland,2018/2019,12000000,8000000,Goalkeeper,de Bundesliga,32,32,2880.0,32.0,1.3541257113063079,-1.0098046188679592,1.233198508212882,-0.07953535854088553,0.2814691344948789
Lukáš Hrádecký,Leverkusen,29,Finland,2019/2020,8000000,8000000,Goalkeeper,de Bundesliga,34,34,3060.0,34.0,1.3677903444953832,0.30609709717221417,-0.22377009235027653,-0.3810416918111631,0.3359827932748771
Lukáš Hrádecký,Leverkusen,30,Finland,2020/2021,6500000,6000000,Goalkeeper,de Bundesliga,29,29,2565.0,28.5,1.4350468642519676,-1.068655641403248,0.11510199102570133,0.14471094339084972,0.03521438083690792
Manuel Neuer,Bayern Munich,31,Germany,2017/2018,40000000,35000000,Goalkeeper,de Bundesliga,3,3,270.0,3.0,0.28791918190311877,-0.1738042556074194,-1.6023789601204907,0.6430306750333138,-0.29299183276194274
Manuel Neuer,Bayern Munich,32,Germany,2018/2019,30000000,18000000,Goalkeeper,de Bundesliga,26,26,2302.0,25.6,0.678359620309677,-1.898214947268428,-0.6142918332279586,1.392466886927102,-0.4394882517344548
Manuel Neuer,Bayern Munich,33,Germany,2019/2020,18000000,14500000,Goalkeeper,de Bundesliga,33,33,2970.0,33.0,1.5258282791539568,-0.5237236277696895,0.9306335466635604,1.2657814706644432,0.6206794073346544
Manuel Neuer,Bayern Munich,34,Germany,2020/2021,18000000,18000000,Goalkeeper,de Bundesliga,33,33,2970.0,33.0,1.8082101872531786,-0.5530374715358142,-0.40027048565093803,0.3222954876640403,0.2067661335126312
Marc-André ter Stegen,Barcelona,25,Germany,2017/2018,25000000,60000000,Goalkeeper,es La Liga,37,37,3330.0,37.0,-0.10555517964526515,1.0664622288897074,-0.8324792872996802,1.448377540594026,0.3560097944642652
Marc-André ter Stegen,Barcelona,26,Germany,2018/2019,80000000,90000000,Goalkeeper,es La Liga,35,35,3150.0,35.0,0.8850361802686426,-0.08555281096122329,0.2866952036436634,1.4548034820210756,0.4812098844448097
Marc-André ter Stegen,Barcelona,27,Germany,2019/2020,90000000,72000000,Goalkeeper,es La Liga,36,36,3240.0,36.0,0.5677671017498668,-0.35117886801698694,-0.33507582337468217,0.8647238199045691,0.0649687887735361
Marc-André ter Stegen,Barcelona,28,Germany,2020/2021,75000000,60000000,Goalkeeper,es La Liga,31,31,2790.0,31.0,0.8360475792092036,-0.31108624112470085,-0.4341569046328723,0.8864762464270041,0.12456392121448814
Marco Sportiello,Fiorentina,25,Italy,2017/2018,6000000,6000000,Goalkeeper,it Serie A,37,37,3202.0,35.6,0.0034280146482454366,0.09346130108006323,1.4801737429586292,0.837751452821673,0.5292746127029917
Marco Sportiello,Frosinone,26,Italy,2018/2019,5000000,4000000,Goalkeeper,it Serie A,35,35,3150.0,35.0,0.23086099127838489,0.8949625404760428,0.45063115309893964,-1.6660875575246399,0.23369679163225018
Marco Sportiello,Atalanta,27,Italy,2019/2020,2500000,2000000,Goalkeeper,it Serie A,6,5,525.0,5.8,0.5647707883213389,-0.530235356585831,-0.2645402783149078,0.7656837646153964,0.004327817388876401
Marco Sportiello,Atalanta,28,Italy,2020/2021,2000000,2000000,Goalkeeper,it Serie A,15,13,1261.0,14.0,0.30105560692643835,-1.3035136170211852,-0.9809819376934974,-0.03373305692063731,-0.6312713071872752
Marko Dmitrović,Eibar,25,Serbia,2017/2018,1000000,4000000,Goalkeeper,es La Liga,36,36,3240.0,36.0,-0.8226507024331503,-1.991445046663254,0.563084572293568,-0.11643177883433733,-0.779362065692185
Marko Dmitrović,Eibar,26,Serbia,2018/2019,7500000,10000000,Goalkeeper,es La Liga,24,24,2160.0,24.0,-0.43443358674510213,-1.7469897340864766,1.5175680416098711,0.07810555966081176,-0.3289469592649527
Marko Dmitrović,Eibar,27,Serbia,2019/2020,12000000,9500000,Goalkeeper,es La Liga,35,35,3150.0,35.0,-0.8896821103103255,-2.351524308158354,0.7634862071529319,-0.22508146549950017,-0.8883447034696973
Marko Dmitrović,Eibar,28,Serbia,2020/2021,10000000,8000000,Goalkeeper,es La Liga,35,35,3120.0,34.7,-0.37326786820485,-1.517003189379819,1.0226566620588062,-0.41747430915738915,-0.431225064193056
Martin Dúbravka,Newcastle Utd,28,Slovakia,2017/2018,600000,4000000,Goalkeeper,eng Premier League,12,12,1080.0,12.0,-0.1906779374119687,-0.5238608042823383,0.016338945979127696,0.5863556666295284,-0.1389826793625994
Martin Dúbravka,Newcastle Utd,29,Slovakia,2018/2019,5000000,7000000,Goalkeeper,eng Premier League,38,38,3420.0,38.0,-0.40567076604393937,-0.37993274742280314,0.35758085117717264,-0.21035902647828797,-0.17655279428641596
Martin Dúbravka,Newcastle Utd,30,Slovakia,2019/2020,7000000,5500000,Goalkeeper,eng Premier League,38,38,3420.0,38.0,-0.28172158738054465,1.1276136529528722,-0.4279739173633259,-0.7671345699780977,0.10217071685082292
Martin Dúbravka,Newcastle Utd,31,Slovakia,2020/2021,7500000,5000000,Goalkeeper,eng Premier League,13,13,1170.0,13.0,0.2603123619862857,0.4028315323314913,0.10291503075556398,-0.37956761169652825,0.17486274274700514
Marwin Hitz,Augsburg,29,Switzerland,2017/2018,4000000,4000000,Goalkeeper,de Bundesliga,32,32,2880.0,32.0,0.9500432260943367,0.9114172199390023,0.42120796620452267,-0.6578483355231062,0.5631315747248996
Marwin Hitz,Dortmund,30,Switzerland,2018/2019,3000000,2500000,Goalkeeper,de Bundesliga,2,2,180.0,2.0,0.6755038177055546,-0.7241289008302436,-1.700163166322686,-0.5346071913241545,-0.5898010311434913
Marwin Hitz,Dortmund,31,Switzerland,2019/2020,2500000,2000000,Goalkeeper,de Bundesliga,4,3,290.0,3.2,0.8554460474614325,0.7751437803488794,-0.478432326727846,1.611298484010684,0.607248525907107
Marwin Hitz,Dortmund,32,Switzerland,2020/2021,1700000,1700000,Goalkeeper,de Bundesliga,16,16,1395.0,15.5,0.5453027480326882,-0.5760864177895569,-0.5474898610725047,0.9339683183761722,-0.06208177672987325
Mathew Ryan,Brighton,25,Australia,2017/2018,3500000,8000000,Goalkeeper,eng Premier League,38,38,3420.0,38.0,-0.17693372375007171,0.4372581519604683,0.7349242479379097,-0.6162936989369775,0.20009392939257675
Mathew Ryan,Brighton,26,Australia,2018/2019,8000000,10000000,Goalkeeper,eng Premier League,34,34,3060.0,34.0,-0.6559890550437015,-0.2376167384882678,-0.09314823401161006,-1.156715374579063,-0.44395748692158105
Mathew Ryan,Brighton,27,Australia,2019/2020,10000000,8000000,Goalkeeper,eng Premier League,38,38,3420.0,38.0,0.8906068983472784,0.3998766806852456,-0.643712429978482,-0.8752681935089649,0.0703902263056903
Mathew Ryan,Brighton,28,Australia,2020/2021,8000000,6000000,Goalkeeper,eng Premier League,11,11,990.0,11.0,-0.34624839375309246,-1.4548729357830408,-0.5817783053784352,-0.6345385432508244,-0.8363929837945698
Mattia Perin,Genoa,24,Italy,2017/2018,15000000,16000000,Goalkeeper,it Serie A,37,37,3330.0,37.0,-0.13346298670294318,0.9410349279285246,0.42685423105389336,-0.19424166040806665,0.3735737868015112
Mattia Perin,Juventus,25,Italy,2018/2019,15000000,13000000,Goalkeeper,it Serie A,9,9,810.0,9.0,-0.3316394006556121,-0.28361070533580096,-0.819070559091738,1.042374946497893,-0.23058499482968392
Mattia Perin,Genoa,26,Italy,2019/2020,10000000,8000000,Goalkeeper,it Serie A,21,21,1890.0,21.0,-0.12964887053227925,-0.4294226844652443,-0.40783312900898566,-0.8949012972260947,-0.41890363403206593
Mattia Perin,Genoa,27,Italy,2020/2021,7500000,7000000,Goalkeeper,it Serie A,32,32,2879.0,32.0,-0.17059775741469022,1.2170779059352765,0.18930053419095944,-0.5408453477384096,0.34952615911065266
Mike Maignan,Lille,21,France,2017/2018,800000,4000000,Goalkeeper,fr Ligue 1,34,34,3033.0,33.7,0.2135821840529224,-0.4300837223669864,1.2344763384031276,-0.5054536648316446,0.1356672780608206
Mike Maignan,Lille,22,France,2018/2019,7000000,17500000,Goalkeeper,fr Ligue 1,38,38,3420.0,38.0,-0.6697164792278198,-0.2849506135738135,1.41902684934333,1.1796548869200958,0.2645431108160572
Mike Maignan,Lille,23,France,2019/2020,22000000,17500000,Goalkeeper,fr Ligue 1,28,28,2520.0,28.0,-0.8159026010205174,-0.7539844212892597,0.6349151542476356,1.0209675947596617,-0.15599626993051205
Mike Maignan,Lille,24,France,2020/2021,20000000,25000000,Goalkeeper,fr Ligue 1,38,38,3420.0,38.0,-0.36987450451352544,0.04892733554479976,-0.3423418667052432,1.9304604403251486,0.12863954068476008
Neto,Valencia,28,Brazil,2017/2018,6000000,15000000,Goalkeeper,es La Liga,33,33,2970.0,33.0,-1.072527654163901,1.8504944381314068,0.4551813658141177,0.6798070589613328,0.5953075401027464
Neto,Valencia,29,Brazil,2018/2019,18000000,18000000,Goalkeeper,es La Liga,34,34,3060.0,34.0,-1.0024377746890534,1.079398159987882,0.5371350514502106,0.37150161108818314,0.3171889168492754
Neto,Barcelona,30,Brazil,2019/2020,18000000,14500000,Goalkeeper,es La Liga,2,2,180.0,2.0,0.22428975908292592,-0.9404673047781302,-1.8001056631521803,0.8045253142612772,-0.6024387355504675
Neto,Barcelona,31,Brazil,2020/2021,10000000,6000000,Goalkeeper,es La Liga,7,7,630.0,7.0,-0.11502202887352503,0.23816022545020923,-0.5342917498221512,0.5937633971399137,0.010092143804641213
Oliver Baumann,Hoffenheim,27,Germany,2017/2018,7000000,10000000,Goalkeeper,de Bundesliga,34,34,3060.0,34.0,0.2407486032970264,-0.5935529661417154,0.9270589288605131,-0.15534201050283933,0.060907043314358617
Oliver Baumann,Hoffenheim,28,Germany,2018/2019,10000000,8000000,Goalkeeper,de Bundesliga,33,33,2970.0,33.0,0.489577852803212,0.1696051282203531,0.7124654578473103,-0.8919412336310408,0.22608143749509804
Oliver Baumann,Hoffenheim,29,Germany,2019/2020,7000000,5500000,Goalkeeper,de Bundesliga,30,30,2700.0,30.0,0.34401799196674876,-0.2898090143630845,0.5376546605154103,-0.6572582937163857,0.020396264036002365
Oliver Baumann,Hoffenheim,30,Germany,2020/2021,5500000,5000000,Goalkeeper,de Bundesliga,31,31,2790.0,31.0,0.2964925610963745,-1.1126735935738568,0.45110702879780673,-0.691737644575259,-0.30629650696359334
Pau López,Espanyol,22,Spain,2017/2018,1500000,5000000,Goalkeeper,es La Liga,28,27,2478.0,27.5,-0.7926198454251375,1.502260760343364,1.2660378782746498,0.14558021935449753,0.66598280723573
Pau López,Betis,23,Spain,2018/2019,10000000,20000000,Goalkeeper,es La Liga,33,33,2970.0,33.0,0.462287197829108,-0.7054193734901548,0.5582275708610802,-0.13998485033091948,-0.012765816098645032
Pau López,Roma,24,Spain,2019/2020,24000000,19000000,Goalkeeper,it Serie A,32,32,2880.0,32.0,0.07526691712314437,-0.4699048751374044,0.17123026711730152,-0.08813721613668243,-0.11606299265848244
Pau López,Roma,25,Spain,2020/2021,17000000,10000000,Goalkeeper,it Serie A,21,20,1817.0,20.2,0.3070411161621946,-0.3484913908849842,-0.683838284878931,-0.19566555979108485,-0.2455211129575913
Paulo Gazzaniga,Tottenham,25,Argentina,2017/2018,1000000,1000000,Goalkeeper,eng Premier League,1,1,90.0,1.0,0.42670731807600876,2.5780263098128238,-2.6721003921814495,2.2265784121797685,0.6749477017350933
Paulo Gazzaniga,Tottenham,26,Argentina,2018/2019,2000000,2000000,Goalkeeper,eng Premier League,3,3,270.0,3.0,0.35092102546802,2.6459543346654524,-1.4800903797285423,0.3342101590683336,0.6939232024280275
Paulo Gazzaniga,Tottenham,27,Argentina,2019/2020,3500000,2800000,Goalkeeper,eng Premier League,18,17,1613.0,17.9,-0.8643168447357321,-0.1900414218825141,0.2850048108263397,-0.6483439908420148,-0.3085941047625303
Paulo Gazzaniga,Elche,28,Argentina,2020/2021,4000000,3000000,Goalkeeper,es La Liga,8,8,720.0,8.0,-0.6332712802948054,-0.7811366337184655,-0.40484778993643467,0.013675478165174566,-0.5308762676344968
Pepe Reina,Napoli,34,Spain,2017/2018,2000000,1000000,Goalkeeper,it Serie A,37,37,3330.0,37.0,0.4754563533471385,-0.8960008203483134,-0.45791147863821374,1.810192497412681,-0.0376851938327763
Pepe Reina,Milan,35,Spain,2018/2019,1000000,1000000,Goalkeeper,it Serie A,4,2,330.0,3.7,-0.1407266743206589,-0.382102481197207,0.25144879087259,0.1775593469662446,-0.07942143723610298
Pepe Reina,Aston Villa,36,Spain,2019/2020,800000,650000,Goalkeeper,eng Premier League,12,12,1080.0,12.0,-0.12116024540188988,-0.17363185895269526,0.14876684659332076,-0.8205981544834715,-0.17695922350810633
Pepe Reina,Lazio,37,Spain,2020/2021,800000,800000,Goalkeeper,it Serie A,29,29,2610.0,29.0,0.5179949296475237,-0.18802552115278637,-0.09508910924412425,0.09497814910056035,0.054164245062458684
Pierluigi Gollini,Atalanta,22,Italy,2017/2018,4000000,3500000,Goalkeeper,it Serie A,7,7,622.0,6.9,0.5709862539205088,0.0539625972180541,-0.9678565920934504,0.874230135032156,0.05080384473790692
Pierluigi Gollini,Atalanta,23,Italy,2018/2019,3500000,6000000,Goalkeeper,it Serie A,20,20,1799.0,20.0,-0.21731677593999507,-0.44429846672029827,-0.2961236935202014,0.3814376780412127,-0.22664892901097158
Pierluigi Gollini,Atalanta,24,Italy,2019/2020,8000000,13000000,Goalkeeper,it Serie A,33,33,2884.0,32.0,0.12149582095234185,-0.9230492016725923,-0.1443801010647531,0.12155375605132916,-0.31055522720581075
Pierluigi Gollini,Atalanta,25,Italy,2020/2021,17000000,17000000,Goalkeeper,it Serie A,25,25,2156.0,24.0,-0.21349803993731964,-1.6475476901798098,0.1226358240336635,1.0592082822963889,-0.4404760031943892
Péter Gulácsi,RB Leipzig,27,Hungary,2017/2018,3000000,8000000,Goalkeeper,de Bundesliga,33,33,2970.0,33.0,0.33503382429071754,-0.6181353724484976,0.39926885756907654,-0.538559117702057,-0.11355557754733417
Péter Gulácsi,RB Leipzig,28,Hungary,2018/2019,10000000,12000000,Goalkeeper,de Bundesliga,33,33,2925.0,32.5,0.04620764215864819,-0.06858181338906788,0.5837734615902141,1.2559230583450383,0.32188010000279754
Péter Gulácsi,RB Leipzig,29,Hungary,2019/2020,12000000,9500000,Goalkeeper,de Bundesliga,32,32,2880.0,32.0,1.0402522308821014,-0.3557468497760237,0.03824014892067769,0.4389814830799402,0.21095891999107752
Péter Gulácsi,RB Leipzig,30,Hungary,2020/2021,11000000,13000000,Goalkeeper,de Bundesliga,33,33,2970.0,33.0,0.9388102581700425,-2.095178657307376,-0.0526426621287238,1.5823307058154312,-0.27442102517493716
Ralf Fährmann,Schalke 04,28,Germany,2017/2018,9000000,13000000,Goalkeeper,de Bundesliga,34,34,3015.0,33.5,-0.3698785118024805,-0.32367259428550843,1.242339987719073,0.6361095444615469,0.20024639264845223
Ralf Fährmann,Schalke 04,29,Germany,2018/2019,10000000,5000000,Goalkeeper,de Bundesliga,17,16,1470.0,16.3,0.45985519306109657,0.132299736758452,0.28681714905376526,-1.0843829187794187,0.07031555557726085
Ralf Fährmann,Norwich City,30,Germany,2019/2020,4000000,1600000,Goalkeeper,eng Premier League,1,1,21.0,0.2,-8.063783560133793,0.4180248452920842,-2.370998148778307,-0.03734790522794993,-2.467988917159988
Ralf Fährmann,Schalke 04,31,Germany,2020/2021,1600000,1000000,Goalkeeper,de Bundesliga,22,22,1876.0,20.8,0.379353533964235,0.25679118673181156,1.3206995807724395,-2.2052935742587136,0.18409615790149564
Robin Zentner,Mainz 05,22,Germany,2017/2018,200000,600000,Goalkeeper,de Bundesliga,15,15,1350.0,15.0,-0.41000628278860907,-0.941664465626289,0.5702523275321216,-1.0293418471271787,-0.4439223288523998
Robin Zentner,Mainz 05,23,Germany,2018/2019,1000000,1000000,Goalkeeper,de Bundesliga,10,10,900.0,10.0,0.43057467515755676,0.5657899155744747,0.6939809125040407,-0.5211029397623868,0.4009999264021074
Robin Zentner,Mainz 05,24,Germany,2019/2020,3000000,3200000,Goalkeeper,de Bundesliga,22,22,1935.0,21.5,0.4663638235302188,-0.23277935349461726,0.5769880999398949,-1.3909353559364637,-0.029275096246057147
Robin Zentner,Mainz 05,25,Germany,2020/2021,4500000,5000000,Goalkeeper,de Bundesliga,31,31,2790.0,31.0,-0.017839341145709647,-0.11400652732730701,0.3756656488572719,-0.792600554127759,-0.06933579075583074
Roman Bürki,Dortmund,26,Switzerland,2017/2018,9000000,7000000,Goalkeeper,de Bundesliga,33,33,2969.0,33.0,0.7025692153238567,0.05893475840663992,0.41310395749403656,0.0405242330276158,0.3056240936009396
Roman Bürki,Dortmund,27,Switzerland,2018/2019,8500000,14000000,Goalkeeper,de Bundesliga,32,32,2880.0,32.0,0.11138614473426629,-0.2838030170572825,-0.1688598734508229,0.31184964335700927,-0.06692204164563664
Roman Bürki,Dortmund,28,Switzerland,2019/2020,14000000,11000000,Goalkeeper,de Bundesliga,31,31,2770.0,30.8,0.04053807631547271,-1.5183176370389497,-1.0204207869778292,0.5467377540546076,-0.6943711875210303
Roman Bürki,Dortmund,29,Switzerland,2020/2021,7000000,4000000,Goalkeeper,de Bundesliga,19,18,1665.0,18.5,0.2511744218444522,0.5805373329382719,-0.7216012015931297,-0.7258645210705006,-0.02329830656934928
Rubén Blanco,Celta Vigo,22,Spain,2017/2018,1500000,3000000,Goalkeeper,es La Liga,22,22,1941.0,21.6,-0.29441899278414824,-0.05471151279355635,0.40799565368922686,-0.4622594214992754,-0.060093777476366364
Rubén Blanco,Celta Vigo,23,Spain,2018/2019,3000000,3000000,Goalkeeper,es La Liga,25,25,2250.0,25.0,-0.09465684557641793,-0.7369926671957273,-0.2908316283356248,-0.7808650300934638,-0.47144930651053474
Rubén Blanco,Celta Vigo,24,Spain,2019/2020,6000000,8000000,Goalkeeper,es La Liga,33,33,2960.0,32.9,-0.7424764732999208,-0.16846986282639112,-0.3094401329200865,-0.35498471268285775,-0.37519131044666737
Rubén Blanco,Celta Vigo,25,Spain,2020/2021,7000000,5000000,Goalkeeper,es La Liga,19,19,1637.0,18.2,0.15854346197866304,-1.321659244621459,-0.8500286646659562,-0.4397009884162083,-0.7014071845517651
Rune Jarstein,Hertha BSC,32,Norway,2017/2018,2500000,2500000,Goalkeeper,de Bundesliga,31,31,2790.0,31.0,-0.254763482999861,-0.009668797419219678,0.21086699062442896,-0.7589131376980331,-0.12819517284528986
Rune Jarstein,Hertha BSC,33,Norway,2018/2019,2000000,2000000,Goalkeeper,de Bundesliga,31,31,2745.0,30.5,0.30405572960134436,0.06455072495883579,1.6368715532515485,-0.9348354085431496,0.36759926316734337
Rune Jarstein,Hertha BSC,34,Norway,2019/2020,1500000,800000,Goalkeeper,de Bundesliga,29,29,2547.0,28.3,0.07234394375228176,0.12882308294992595,1.1473228000154263,-0.7113696895140296,0.24329931154729667
Rune Jarstein,Hertha BSC,35,Norway,2020/2021,600000,500000,Goalkeeper,de Bundesliga,8,8,720.0,8.0,-0.09366617343163816,-0.49820466416687503,-0.21061244307842814,-0.9768891269464236,-0.39697465562788636
Salvatore Sirigu,Torino,30,Italy,2017/2018,4000000,6000000,Goalkeeper,it Serie A,37,37,3330.0,37.0,0.0507641263807212,0.38326240505865816,1.3272512542938932,-0.1188370787299237,0.4608201251296954
Salvatore Sirigu,Torino,31,Italy,2018/2019,6000000,7500000,Goalkeeper,it Serie A,36,36,3169.0,35.2,-0.06315997042592918,0.5953895517362475,1.1665548495273952,0.5128437594001022,0.5611616267930685
Salvatore Sirigu,Torino,32,Italy,2019/2020,8000000,6500000,Goalkeeper,it Serie A,36,36,3240.0,36.0,0.07979447700569514,0.9600824651468897,0.696348324676137,-1.2920100983497522,0.33626304846940663
Salvatore Sirigu,Torino,33,Italy,2020/2021,6500000,2500000,Goalkeeper,it Serie A,32,32,2880.0,32.0,-0.6415661418943438,-1.199536219117895,-0.5715244370399684,-1.182283844852129,-0.9004528981526607
Samir Handanović,Inter,33,Slovenia,2017/2018,10000000,8500000,Goalkeeper,it Serie A,38,38,3420.0,38.0,-0.011895983595250115,0.6979287045001653,-1.0916712441067578,1.2808456210697263,0.1605100828100148
Samir Handanović,Inter,34,Slovenia,2018/2019,6000000,6000000,Goalkeeper,it Serie A,38,38,3420.0,38.0,0.09967653076859288,0.5113479592628302,-0.9611326356829096,0.9832080057282778,0.111088960372653
Samir Handanović,Inter,35,Slovenia,2019/2020,6000000,4800000,Goalkeeper,it Serie A,35,35,3150.0,35.0,0.26676971574834984,-0.18139899610288565,-0.005763444981122237,1.199317211045434,0.18165950071261203
Samir Handanović,Inter,36,Slovenia,2020/2021,4000000,2500000,Goalkeeper,it Serie A,37,37,3240.0,36.0,-0.21473733215680071,-0.3450326924089541,-0.8256294333312925,1.2092095138657806,-0.19947170663529015
Sergio Asenjo,Villarreal,28,Spain,2017/2018,7500000,8000000,Goalkeeper,es La Liga,23,23,2070.0,23.0,-0.9590353787503514,-0.3960049791966274,0.9543361286957,0.34902310324926816,-0.08742308974509222
Sergio Asenjo,Villarreal,29,Spain,2018/2019,12000000,12000000,Goalkeeper,es La Liga,32,32,2880.0,32.0,-0.22804148860541462,0.8883475066677141,1.575001776646355,-0.5185711188952483,0.5698760315096478
Sergio Asenjo,Villarreal,30,Spain,2019/2020,12000000,9500000,Goalkeeper,es La Liga,34,34,3060.0,34.0,-0.29488130696557774,0.2375635661120407,0.4425378014175271,0.1624191007560866,0.14442423686561456
Sergio Asenjo,Villarreal,31,Spain,2020/2021,9000000,9000000,Goalkeeper,es La Liga,36,36,3240.0,36.0,0.32663675221426464,-0.5899616234955647,1.1155931633667429,0.40706642909939084,0.21513087503671285
Sergio Rico,Sevilla,23,Spain,2017/2018,20000000,12000000,Goalkeeper,es La Liga,24,23,2157.0,24.0,-1.2427683332039396,-1.1538229737919061,0.5035295207921028,0.13524513425827933,-0.5683609737913845
Sergio Rico,Fulham,24,Spain,2018/2019,12000000,12000000,Goalkeeper,eng Premier League,29,29,2610.0,29.0,-0.08459704066850651,0.3740037290482135,0.34700529360293736,-1.7246133159169024,-0.06218862898705291
Sergio Rico,Paris S-G,25,Spain,2019/2020,10000000,8000000,Goalkeeper,fr Ligue 1,2,2,180.0,2.0,0.0860812745444966,-0.0768347379181596,-1.3781170028139758,-0.6326874375761625,-0.44480420597515
Sergio Rico,Paris S-G,26,Spain,2020/2021,8000000,7000000,Goalkeeper,fr Ligue 1,10,8,810.0,9.0,0.10458853172429175,0.5841694823242086,-1.2367413230396647,1.153038217202183,0.0943768535649572
Steve Mandanda,Marseille,32,France,2017/2018,8000000,2500000,Goalkeeper,fr Ligue 1,31,31,2680.0,29.8,-0.5494149522461745,-0.054030286725864726,0.6144078174426955,0.643436718109896,0.09385312366156198
Steve Mandanda,Marseille,33,France,2018/2019,2500000,2500000,Goalkeeper,fr Ligue 1,31,31,2735.0,30.4,-0.24793151513583905,-0.7090672170085814,0.012496157286769487,-0.06299869797450994,-0.3164821701114474
Steve Mandanda,Marseille,34,France,2019/2020,2500000,2400000,Goalkeeper,fr Ligue 1,27,27,2370.0,26.3,-0.2813761542878941,0.1149391929491152,-0.3265433489089899,0.6267845949009855,-0.01773346903188286
Steve Mandanda,Marseille,35,France,2020/2021,2500000,2000000,Goalkeeper,fr Ligue 1,37,37,3330.0,37.0,0.10585053384735066,-0.7727714126868966,-0.4009825769757541,-0.0024821776226355017,-0.34462533186591
Thibaut Courtois,Chelsea,25,Belgium,2017/2018,40000000,60000000,Goalkeeper,eng Premier League,35,35,3150.0,35.0,0.19251320012408737,-0.5514179970594784,-0.619249754724706,0.7776214905028379,-0.1830372140455464
Thibaut Courtois,Real Madrid,26,Belgium,2018/2019,65000000,55000000,Goalkeeper,es La Liga,27,27,2430.0,27.0,-0.2958709712935206,-0.23965115041668164,0.03857267103161942,0.09591613958073719,-0.13381505677420327
Thibaut Courtois,Real Madrid,27,Belgium,2019/2020,55000000,48000000,Goalkeeper,es La Liga,34,34,3060.0,34.0,0.10264384379116742,0.03529524571593321,-0.5307739198333853,1.7680363282282587,0.17052626622426093
Thibaut Courtois,Real Madrid,28,Belgium,2020/2021,60000000,60000000,Goalkeeper,es La Liga,38,38,3420.0,38.0,0.1034135824340437,0.20178842548882436,0.6878976882714483,1.618728370561289,0.5112630221816549
Thomas Strakosha,Lazio,22,Albania,2017/2018,4500000,20000000,Goalkeeper,it Serie A,38,38,3420.0,38.0,-0.23626669078953855,0.3436881617349234,0.08613814651921696,0.289206283918576,0.1261396631274292
Thomas Strakosha,Lazio,23,Albania,2018/2019,20000000,20000000,Goalkeeper,it Serie A,35,35,3150.0,35.0,-0.2857927191709311,-0.11052036388296531,0.5613463837055501,0.3547247417628901,0.08341500003905042
Thomas Strakosha,Lazio,24,Albania,2019/2020,25000000,20000000,Goalkeeper,it Serie A,38,38,3420.0,38.0,-0.3432618804812596,0.5301501533004108,-0.09170394330548823,0.6072841114365394,0.1679037144239377
Thomas Strakosha,Lazio,25,Albania,2020/2021,25000000,14000000,Goalkeeper,it Serie A,9,9,810.0,9.0,0.03779957573308873,0.18088040448548204,-0.3403521593606059,-0.5638523033305852,-0.09690784983654838
Vicente Guaita,Getafe,30,Spain,2017/2018,1800000,5000000,Goalkeeper,es La Liga,33,33,2970.0,33.0,-0.9664595704575627,0.007163741783540072,0.93081310336568,0.7444474601514867,0.10526281187399136
Vicente Guaita,Crystal Palace,31,Spain,2018/2019,5000000,5000000,Goalkeeper,eng Premier League,20,20,1754.0,19.5,-0.5363462226748039,0.30053373989881993,0.37440040013213155,0.15175744486994203,0.08746397005941019
Vicente Guaita,Crystal Palace,32,Spain,2019/2020,5000000,4000000,Goalkeeper,eng Premier League,35,35,3150.0,35.0,-0.17613066251336007,0.4837592748672859,0.08691604699550337,-0.0998687164710376,0.13203178485343026
Vicente Guaita,Crystal Palace,33,Spain,2020/2021,4000000,2000000,Goalkeeper,eng Premier League,37,37,3330.0,37.0,-0.8225138437715924,-0.5254875708019242,0.15033564413519399,-1.07700670962707,-0.5135162061338335
Walter Benítez,Nice,24,Argentina,2017/2018,1500000,3500000,Goalkeeper,fr Ligue 1,28,28,2520.0,28.0,-1.0819329813727205,-0.03963349416773573,-0.018184730119458127,0.3222079445598612,-0.24056995914777304
Walter Benítez,Nice,25,Argentina,2018/2019,7000000,10000000,Goalkeeper,fr Ligue 1,35,35,3150.0,35.0,0.3944274178757182,1.7113960692227395,0.5094769927278228,1.1162010962348823,0.9923948913140763
Walter Benítez,Nice,26,Argentina,2019/2020,10000000,8000000,Goalkeeper,fr Ligue 1,26,26,2340.0,26.0,-0.09103798907294844,2.0031745339879135,-0.47546040009998414,-0.5408437416858388,0.4783599283496606
Walter Benítez,Nice,27,Argentina,2020/2021,10000000,10000000,Goalkeeper,fr Ligue 1,38,38,3420.0,38.0,-0.09183251488259371,0.35042589379177763,-0.4191953694462567,-0.3839832396163768,-0.06270539419754695
Willy Caballero,Chelsea,35,Argentina,2017/2018,1500000,1000000,Goalkeeper,eng Premier League,3,3,270.0,3.0,0.4996329845158489,-0.3394687585602761,-0.4565915903169657,-0.09139713259322706,-0.12176328683535988
Willy Caballero,Chelsea,36,Argentina,2018/2019,1000000,1000000,Goalkeeper,eng Premier League,2,2,180.0,2.0,-0.01181088512567674,0.9483705168981923,-0.8592727196414737,1.7208061272191428,0.3722796988054512
Willy Caballero,Chelsea,37,Argentina,2019/2020,750000,600000,Goalkeeper,eng Premier League,5,5,450.0,5.0,0.11285013949243292,-0.7050738816214733,-1.896798190505544,-0.14346733183047589,-0.7142829710953648
Willy Caballero,Chelsea,38,Argentina,2020/2021,500000,250000,Goalkeeper,eng Premier League,1,1,90.0,1.0,-0.2185526697406387,-8.208993256947544,-5.961736179366972,-2.4821523904774168,-4.790542710780155
Wojciech Szczęsny,Juventus,27,Poland,2017/2018,17000000,20000000,Goalkeeper,it Serie A,17,17,1530.0,17.0,-0.025687249226755967,-0.10007086362727725,-1.4020829278382434,1.9284024386557856,-0.10270698073742907
Wojciech Szczęsny,Juventus,28,Poland,2018/2019,30000000,35000000,Goalkeeper,it Serie A,28,28,2520.0,28.0,0.438233261192274,0.04785853048831332,-0.30795471132932273,1.573520188237959,0.2853481513723414
Wojciech Szczęsny,Juventus,29,Poland,2019/2020,40000000,32000000,Goalkeeper,it Serie A,29,29,2591.0,28.8,-0.049137541030333076,0.5953458018370387,0.4534855137009951,0.9007500407614656,0.44457052992484886
Wojciech Szczęsny,Juventus,30,Poland,2020/2021,35000000,25000000,Goalkeeper,it Serie A,30,30,2677.0,29.7,0.5665363920811011,-0.45153396690782344,-0.4101690856208175,0.23843343993118216,-0.08318004581298998
Yann Sommer,M'Gladbach,28,Switzerland,2017/2018,9000000,8000000,Goalkeeper,de Bundesliga,30,30,2625.0,29.2,0.9097861269541849,0.803482161920882,0.628881752068599,-0.8209197511685281,0.5427477637527255
Yann Sommer,M'Gladbach,29,Switzerland,2018/2019,10000000,12000000,Goalkeeper,de Bundesliga,34,34,3060.0,34.0,1.496514087376873,1.4515393827276242,-0.11657129072344181,-0.3074714172733147,0.806903770527029
Yann Sommer,M'Gladbach,30,Switzerland,2019/2020,12000000,9500000,Goalkeeper,de Bundesliga,34,34,3060.0,34.0,1.668017133877222,0.9808317266161476,-0.6862607205863958,-0.45557501136551304,0.5203939559335313
Yann Sommer,M'Gladbach,31,Switzerland,2020/2021,7000000,6000000,Goalkeeper,de Bundesliga,31,31,2712.0,30.1,0.5662064224287663,-0.4215196650999832,-0.7237397479012714,-0.9204996431016536,-0.3249901606183684
Yassine Bounou,Girona,26,Morocco,2017/2018,1000000,3000000,Goalkeeper,es La Liga,30,30,2655.0,29.5,-0.9009324944825381,-0.058630825901613164,0.1757738277463141,-0.27406261440160135,-0.2429198479098608
Yassine Bounou,Girona,27,Morocco,2018/2019,4000000,5000000,Goalkeeper,es La Liga,32,32,2861.0,31.8,0.03968164821990401,1.502331608086327,0.40892434436342917,-0.7004054061473788,0.5329067500539408
Yassine Bounou,Sevilla,28,Morocco,2019/2020,5000000,4000000,Goalkeeper,es La Liga,6,5,495.0,5.5,0.04858753909118236,0.7169122199765359,0.2397302749166623,1.5355354340714906,0.5533290456044723
Yassine Bounou,Sevilla,29,Morocco,2020/2021,3000000,18000000,Goalkeeper,es La Liga,33,33,2970.0,33.0,0.27640937283500594,-0.30366014191924834,1.158123813871045,1.260986755684782,0.4415002603574931
Yohann Pelé,Marseille,34,France,2017/2018,500000,500000,Goalkeeper,fr Ligue 1,10,7,738.0,8.2,-0.08237238000522795,-0.9822215492946877,-0.6419475086146411,0.5579340210338389,-0.44116741125303205
Yohann Pelé,Marseille,35,France,2018/2019,500000,500000,Goalkeeper,fr Ligue 1,9,7,682.0,7.6,-0.4552344985285801,-1.244594275534775,1.245721536857206,0.5818661388434783,-0.15070631602849305
Yohann Pelé,Marseille,36,France,2019/2020,250000,250000,Goalkeeper,fr Ligue 1,2,1,150.0,1.7,0.5342653701491855,0.4823754918822928,-2.516998474519503,-0.6343577849953899,-0.42200552168308536
Yohann Pelé,Marseille,37,France,2020/2021,250000,250000,Goalkeeper,fr Ligue 1,1,1,90.0,1.0,0.24363235417114668,0.8247494374244504,-2.0146270340271752,-1.9862188166968224,-0.4520191893699729
Łukasz Fabiański,Swansea City,32,Poland,2017/2018,9000000,5000000,Goalkeeper,eng Premier League,38,38,3420.0,38.0,-0.1908811816243798,0.4731953712422841,1.840470614989903,-0.8809054394293871,0.4458799223617722
Łukasz Fabiański,West Ham,33,Poland,2018/2019,5000000,5000000,Goalkeeper,eng Premier League,38,38,3420.0,38.0,-0.10845347731743218,1.4937914057006545,0.9579823362442733,-0.8457917914857721,0.6083404380040736
Łukasz Fabiański,West Ham,34,Poland,2019/2020,4000000,3200000,Goalkeeper,eng Premier League,25,25,2117.0,23.5,-0.45191460244564075,-0.2165891509911082,0.6565978226043173,-0.4337951730301608,-0.08970467376174283
Łukasz Fabiański,West Ham,35,Poland,2020/2021,2500000,1500000,Goalkeeper,eng Premier League,35,35,3150.0,35.0,-0.44172632030349146,0.13118531368861303,0.4988862519584653,0.06818708298639214,0.07043290515271684
Łukasz Skorupski,Roma,26,Poland,2017/2018,7000000,7000000,Goalkeeper,it Serie A,1,1,90.0,1.0,0.5645886230610981,1.2348581234407459,-2.131299240966536,2.002083674082659,0.34083523984030034
Łukasz Skorupski,Bologna,27,Poland,2018/2019,7000000,7000000,Goalkeeper,it Serie A,38,38,3420.0,38.0,0.09414947991831901,0.45276044008294347,0.3823608606372662,-0.8164164802549998,0.15513126712967656
Łukasz Skorupski,Bologna,28,Poland,2019/2020,7000000,5500000,Goalkeeper,it Serie A,37,37,3330.0,37.0,0.0811427216261828,0.23577360935752373,0.6481715106945979,-1.3868907451673502,0.05681570958022594
Łukasz Skorupski,Bologna,29,Poland,2020/2021,5500000,3800000,Goalkeeper,it Serie A,28,28,2520.0,28.0,0.030514795898280066,0.4508333653364172,0.8814639301501463,-0.874405900388275,0.25462547432161137
