Player,Team,Age,Nationality,Season,MV1,MV2,Position,Comp,MP,Starts,Min,90s,Passing_Ability,Shot-Stopping,Territorial_Command,Team_Impact,Overall_Performance_Index,Team_Rating
Alban Lafont,Toulouse,18,France,2017/2018,8000000,18000000,Goalkeeper,fr Ligue 1,38,38,3420.0,38.0,-0.3041804198694023,-0.6194779073367921,1.1867785582672872,-0.3227139421805216,-0.0445748242954842,-0.3999999999999971
Alban Lafont,Fiorentina,19,France,2018/2019,13000000,17000000,Goalkeeper,it Serie A,34,34,3015.0,33.5,-0.3855414988560988,-0.7528364726930691,0.6421589179349264,0.0711827813834234,-0.1886609934653537,0.0500000000000004
Alban Lafont,Nantes,20,France,2019/2020,12000000,11000000,Goalkeeper,fr Ligue 1,27,27,2430.0,27.0,-0.3760218581875284,-0.87362188609975,0.9861924097767986,0.5947176691152621,-0.0640173718703056,-0.0396957927176841
Alban Lafont,Nantes,21,France,2020/2021,12500000,10000000,Goalkeeper,fr Ligue 1,38,38,3420.0,38.0,-0.8245424928972758,-0.2869991777069634,0.784606905824188,-0.6942174848462933,-0.2145662316926531,-0.1999999999999974
Alessio Cragno,Cagliari,23,Italy,2017/2018,3500000,9000000,Goalkeeper,it Serie A,29,29,2536.0,28.2,-0.9129431561016514,-0.5249525118407778,1.0298063635533932,-0.6951701966153828,-0.2587931067736442,-0.6999999999999892
Alessio Cragno,Cagliari,24,Italy,2018/2019,13000000,20000000,Goalkeeper,it Serie A,38,38,3420.0,38.0,-0.2198068373920208,1.4734658392660385,1.3039068468963653,-0.9237355549645022,0.6481777128745242,-0.4500000000000002
Alessio Cragno,Cagliari,25,Italy,2019/2020,20000000,16000000,Goalkeeper,it Serie A,16,16,1440.0,16.0,-0.3378328415218381,1.7545410964365769,-0.2395757278795136,-1.0109566197533706,0.3180937484394583,-0.0999999999999973
Alessio Cragno,Cagliari,26,Italy,2020/2021,20000000,20000000,Goalkeeper,it Serie A,34,34,3060.0,34.0,-0.3658785594606821,0.9839734821218732,0.0855387266093925,-1.2794273363245012,0.0823916600811579,-0.3999999999999923
Alex McCarthy,Southampton,27,England,2017/2018,3000000,2500000,Goalkeeper,eng Premier League,18,18,1620.0,18.0,-0.957579147269512,-0.7578333633093348,-0.0853593452034851,-0.5867039064262876,-0.6139818862404596,-0.4749999999999965
Alex McCarthy,Southampton,28,England,2018/2019,4000000,5000000,Goalkeeper,eng Premier League,25,25,2250.0,25.0,-0.6894851420158021,-0.4920241512400364,-0.2237260516454529,-1.2077162840604572,-0.581668693958395,-0.5000000000000001
Alex McCarthy,Southampton,29,England,2019/2020,5000000,4000000,Goalkeeper,eng Premier League,28,28,2520.0,28.0,-0.1795581615341146,0.1952001683782363,-0.0867981095642547,0.0598995866204113,0.010715929150852,-0.2249999999999936
Alex McCarthy,Southampton,30,England,2020/2021,6500000,5000000,Goalkeeper,eng Premier League,30,30,2700.0,30.0,-0.5621602633340977,-0.621024154202169,-0.0499331935012653,-1.176025754011765,-0.5467856812813646,-0.5250000000000021
Alex Meret,Spal,20,Italy,2017/2018,4000000,12000000,Goalkeeper,it Serie A,13,13,1158.0,12.9,-0.8130221613862592,1.4835052793336605,0.8791081361008469,-0.1157523654150955,0.5183854866331638,-0.4999999999999886
Alex Meret,Napoli,21,Italy,2018/2019,16000000,25000000,Goalkeeper,it Serie A,14,13,1151.0,12.8,-0.0206708630393742,1.070690957755245,-0.2730769593656649,1.007032540255017,0.4523597606513285,0.95
Alex Meret,Napoli,22,Italy,2019/2020,30000000,28000000,Goalkeeper,it Serie A,22,21,1951.0,21.7,-0.6848167809941275,-0.8090965232132742,-0.8090186466944471,-0.2176431698418662,-0.6892891155230695,0.2750000000000023
Alex Meret,Napoli,23,Italy,2020/2021,25000000,20000000,Goalkeeper,it Serie A,22,22,1980.0,22.0,0.1117456400651103,-0.3283719831854566,-1.1453175612180984,0.3320235347673047,-0.3235196441880611,1.125000000000007
Alexander Nübel,Schalke 04,20,Germany,2017/2018,300000,500000,Goalkeeper,de Bundesliga,1,0,45.0,0.5,0.1992005499459092,2.214546915924147,-2.6683268703280683,1.6715022671877182,0.4085351805560694,0.4444444444444367
Alexander Nübel,Schalke 04,21,Germany,2018/2019,2500000,12000000,Goalkeeper,de Bundesliga,18,18,1588.0,17.6,-0.266883742659286,-0.2189669890103877,0.5742585228082149,-0.7829407734422742,-0.1172358671327446,-0.5000000000000069
Alexander Nübel,Schalke 04,22,Germany,2019/2020,16000000,9500000,Goalkeeper,de Bundesliga,26,26,2315.0,25.7,0.4757403924386148,-0.1172250517558377,-0.1551731284628191,-0.756027239309348,-0.0742910380169964,-0.555555555555567
Alexander Nübel,Bayern Munich,23,Germany,2020/2021,8000000,6000000,Goalkeeper,de Bundesliga,1,1,90.0,1.0,0.3635042213545024,0.5845941624726948,-3.23442868250038,-1.846510946497308,-0.7900998003956226,1.527777777777772
Alexander Schwolow,Freiburg,25,Germany,2017/2018,4000000,6000000,Goalkeeper,de Bundesliga,33,33,2906.0,32.3,0.3112696460661439,-0.4920018185312618,-0.0013475342347018,-1.2093387377599345,-0.2761209191920712,-0.6666666666666755
Alexander Schwolow,Freiburg,26,Germany,2018/2019,7000000,9000000,Goalkeeper,de Bundesliga,33,33,2970.0,33.0,-0.1996967190606025,0.3913034943090052,-0.9308783989677244,-2.1309854041428764,-0.4653353671203614,-0.4166666666666745
Alexander Schwolow,Freiburg,27,Germany,2019/2020,9000000,7000000,Goalkeeper,de Bundesliga,24,24,2091.0,23.2,0.5124612630270932,0.9430952346046122,-0.0732349886248011,-1.0501161250916191,0.2823724819484443,0.0277777777777669
Alexander Schwolow,Hertha,28,Germany,2020/2021,8000000,5000000,Goalkeeper,de Bundesliga,26,26,2340.0,26.0,0.3656224842649251,-0.1910616909223519,-0.0721478668926842,-0.499822821543996,-0.0684763607113623,-0.3055555555555619
Alfred Gomis,Spal,23,Senegal,2017/2018,1800000,3000000,Goalkeeper,it Serie A,26,25,2261.0,25.1,-0.4573000402464104,0.8645527615820413,0.711581393656259,-1.3053893037061153,0.1703554093502593,-0.4999999999999886
Alfred Gomis,Spal,24,Senegal,2018/2019,3000000,2000000,Goalkeeper,it Serie A,20,19,1724.0,19.2,0.0633459991694011,-0.2675954565104469,-0.7537459456244585,-0.6987288788719336,-0.3710677282232108,-0.2999999999999992
Alfred Gomis,Dijon,25,Senegal,2019/2020,3000000,2400000,Goalkeeper,fr Ligue 1,19,19,1619.0,18.0,0.8206008746701761,1.59115172327675,0.9121741334516034,-0.4367887797890641,0.9245785382089476,-0.3276597807046766
Alfred Gomis,Rennes,26,Senegal,2020/2021,9000000,7000000,Goalkeeper,fr Ligue 1,22,22,1980.0,22.0,-0.1608455658409786,-0.5405846620670676,-0.5190339628261015,-0.0484546561456644,-0.3664427123120933,0.3000000000000021
Alisson,Roma,24,Brazil,2017/2018,7000000,60000000,Goalkeeper,it Serie A,37,37,3330.0,37.0,0.8140288349713194,0.8617318708759291,1.2063416403610534,1.3728887474733276,1.0126320857606674,0.8250000000000107
Alisson,Liverpool,25,Brazil,2018/2019,65000000,80000000,Goalkeeper,eng Premier League,38,38,3420.0,38.0,0.7964880795730437,-0.1975133013001081,-0.4315627959126948,2.061629693364648,0.3313461194647465,1.6750000000000018
Alisson,Liverpool,26,Brazil,2019/2020,90000000,72000000,Goalkeeper,eng Premier League,29,29,2543.0,28.3,0.8267273126939401,-0.9193643570899508,-0.1606060553338521,1.4888166672369083,0.0680752894440754,1.3000000000000054
Alisson,Liverpool,27,Brazil,2020/2021,80000000,60000000,Goalkeeper,eng Premier League,33,33,2970.0,33.0,0.8051981039448679,-0.1865551048138209,0.6369830627951526,0.9402000584228526,0.4362810137635956,0.6499999999999976
Alphonse Areola,Paris SG,24,France,2017/2018,10000000,15000000,Goalkeeper,fr Ligue 1,34,34,3060.0,34.0,-0.1173268820202991,-0.4739990484736326,-0.1083006979310299,2.29173019491279,0.1214529672833147,1.9750000000000023
Alphonse Areola,Paris SG,25,France,2018/2019,15000000,17500000,Goalkeeper,fr Ligue 1,21,21,1890.0,21.0,-0.2194658687394384,0.2824403844686849,-0.7797696012325216,1.8021515803590176,0.1193680041249024,1.7500000000000009
Alphonse Areola,Real Madrid,26,France,2019/2020,16000000,13000000,Goalkeeper,es La Liga,4,4,360.0,4.0,-0.0798458350987262,-0.4846273036924524,0.1806826712612409,0.6603673134405248,-0.0453552502356509,1.124999999999999
Alphonse Areola,Fulham,27,France,2020/2021,13000000,17000000,Goalkeeper,eng Premier League,36,36,3240.0,36.0,-0.2419295353452144,0.6289874709661684,0.4380124958987009,-0.2611887188721473,0.2299880471457084,-0.6500000000000021
Andrea Consigli,Sassuolo,30,Italy,2017/2018,8000000,5000000,Goalkeeper,it Serie A,37,37,3316.0,36.8,0.0881210292299297,-0.1510168116116611,1.2927743260806872,-0.6764888318475317,0.1908946299864431,-0.7499999999999892
Andrea Consigli,Sassuolo,31,Italy,2018/2019,5000000,4000000,Goalkeeper,it Serie A,36,36,3213.0,35.7,-0.0816160562168482,-0.9369390081613874,0.9581366035303576,-0.2087286421771973,-0.1401078123546879,-0.1749999999999993
Andrea Consigli,Sassuolo,32,Italy,2019/2020,3500000,2800000,Goalkeeper,it Serie A,31,31,2790.0,31.0,-0.4756470758044959,-0.5197562194054911,0.3691449445400432,-0.77852637444862,-0.325319165775328,0.1500000000000018
Andrea Consigli,Sassuolo,33,Italy,2020/2021,3000000,3000000,Goalkeeper,it Serie A,37,37,3330.0,37.0,0.4246075027299877,0.4408051716709077,0.6084268979514539,-0.5010879900008761,0.3373772117550466,0.2000000000000068
Andreas Luthe,Augsburg,30,Germany,2017/2018,500000,500000,Goalkeeper,de Bundesliga,2,2,180.0,2.0,0.2762690208512871,-0.5154870247948896,0.0600520789201858,-1.901784656639436,-0.3816078822312585,-0.0833333333333418
Andreas Luthe,Augsburg,31,Germany,2018/2019,1000000,700000,Goalkeeper,de Bundesliga,15,14,1311.0,14.6,0.8368409851481373,0.842487384992517,-0.4957118172592658,-0.9854265408223114,0.2323388955962521,-0.5555555555555628
Andreas Luthe,Augsburg,32,Germany,2019/2020,500000,400000,Goalkeeper,de Bundesliga,10,10,900.0,10.0,0.810349123575654,0.5489186750048836,-0.3780358822780263,-0.3886885373326572,0.2418965659762176,-0.5000000000000112
Andreas Luthe,Union Berlin,33,Germany,2020/2021,900000,900000,Goalkeeper,de Bundesliga,31,31,2768.0,30.8,0.0023635322555213,-0.0784524602534561,-0.0314379992895027,-0.5474487945944384,-0.1168442970363707,0.1944444444444387
Andrés Fernández,Villarreal,30,Spain,2017/2018,1500000,800000,Goalkeeper,es La Liga,3,3,225.0,2.5,-1.0034052180499513,0.1906545233991952,-0.6429429701988513,-2.154071017457957,-0.6679686164911759,0.1750000000000019
Andrés Fernández,Villarreal,31,Spain,2018/2019,800000,1500000,Goalkeeper,es La Liga,6,6,540.0,6.0,0.3702350101856259,0.3417779217554387,0.2348726382930425,0.2425336217601724,0.3072792279980965,-0.0749999999999979
Andrés Fernández,Villarreal,32,Spain,2019/2020,1000000,800000,Goalkeeper,es La Liga,4,4,360.0,4.0,-0.6627794879557418,-0.1145128053116766,0.5412190271865274,-0.5133428093924559,-0.1474710184602587,0.3499999999999998
Andrés Fernández,Huesca,33,Spain,2020/2021,600000,600000,Goalkeeper,es La Liga,16,16,1440.0,16.0,-0.4211998478033625,-0.8128653452270027,-0.3121271382608847,-0.3943182450248781,-0.5269823540992444,-0.4750000000000005
Anthony Lopes,Lyon,26,Portugal,2017/2018,14000000,20000000,Goalkeeper,fr Ligue 1,34,34,3060.0,34.0,-0.2375233196704737,0.3215923091240794,0.8619985236534775,1.0411350856447998,0.4248463720358987,1.100000000000003
Anthony Lopes,Lyon,27,Portugal,2018/2019,20000000,25000000,Goalkeeper,fr Ligue 1,34,34,3060.0,34.0,0.269244912685556,0.1223947368289067,-0.8564910675906172,0.0390613348723427,-0.0981141806052965,0.5750000000000007
Anthony Lopes,Lyon,28,Portugal,2019/2020,22000000,17500000,Goalkeeper,fr Ligue 1,26,26,2340.0,26.0,0.3294729881807946,0.0930570164168413,-0.846432074211586,0.2821131811957957,-0.054352838582434,0.5085615447161532
Anthony Lopes,Lyon,29,Portugal,2020/2021,19000000,14000000,Goalkeeper,fr Ligue 1,38,38,3420.0,38.0,0.4254448683251581,-0.5700751792576272,0.1451218339449621,0.6366791286663329,0.0386172321273105,0.950000000000002
Antonio Mirante,Bologna,34,Italy,2017/2018,2000000,1000000,Goalkeeper,it Serie A,33,33,2970.0,33.0,0.9015905948481064,-0.0945197379096979,0.6371507834949802,-1.0121734348735882,0.1997774210863391,-0.2999999999999884
Antonio Mirante,Roma,35,Italy,2018/2019,800000,800000,Goalkeeper,it Serie A,11,11,990.0,11.0,0.348939750290679,1.3078560341733898,-0.3127854963645815,1.1370050741599975,0.6373389365662104,0.4500000000000003
Antonio Mirante,Roma,36,Italy,2019/2020,800000,650000,Goalkeeper,it Serie A,5,5,450.0,5.0,0.4070264896340808,0.8598671681618858,-0.0818864910773184,-0.0917322188403224,0.3684786756698022,0.6500000000000031
Antonio Mirante,Roma,37,Italy,2020/2021,650000,1000000,Goalkeeper,it Serie A,13,13,1153.0,12.8,0.1247995109422635,-0.7247111973440163,0.6366256412550946,0.2280435594363232,-0.0290860971056177,0.3250000000000075
Baptiste Reynet,Dijon,26,France,2017/2018,3000000,5000000,Goalkeeper,fr Ligue 1,38,38,3420.0,38.0,0.4665611436064273,0.0787894785367513,2.0702163204500645,-1.350034864176677,0.4592654538754843,-0.449999999999997
Baptiste Reynet,Toulouse,27,France,2018/2019,5000000,5000000,Goalkeeper,fr Ligue 1,31,31,2704.0,30.0,0.1717278183860951,-0.0130197430531811,1.1435108632750628,-1.0490580967329466,0.1668940458367341,-0.5499999999999986
Baptiste Reynet,Toulouse,28,France,2019/2020,4000000,2400000,Goalkeeper,fr Ligue 1,23,22,2035.0,22.6,0.2977270500390822,-1.1739754165170633,1.153040228237982,-1.883936408970908,-0.3307900375573422,-1.2228949237376128
Baptiste Reynet,Nimes,29,France,2020/2021,2500000,2000000,Goalkeeper,fr Ligue 1,38,38,3420.0,38.0,0.4160450347000002,-0.2009413657420002,0.7841470396754578,-1.4431910349698445,0.0132398853386877,-0.7749999999999964
Bartłomiej Drągowski,Fiorentina,19,Poland,2017/2018,3000000,2000000,Goalkeeper,it Serie A,3,1,217.0,2.4,-0.5682671084059501,0.0570557793442608,-1.6822793596233427,-2.7925435777869168,-0.9615486309048694,0.2000000000000117
Bartłomiej Drągowski,Empoli,20,Poland,2018/2019,1500000,10000000,Goalkeeper,it Serie A,14,14,1260.0,14.0,0.0992037916572803,1.658088114590921,1.250668227611586,-0.983482768051061,0.7702764297163797,-0.4749999999999997
Bartłomiej Drągowski,Fiorentina,21,Poland,2019/2020,14000000,11000000,Goalkeeper,it Serie A,31,31,2790.0,31.0,-0.7146029004645053,0.0517562598636342,0.3653708842071396,-0.4488475212584867,-0.1365204413008424,0.075000000000002
Bartłomiej Drągowski,Fiorentina,22,Poland,2020/2021,15000000,16000000,Goalkeeper,it Serie A,36,36,3148.0,35.0,-0.7413158809269277,-1.0877972284409068,0.6244138271657114,-0.441836059109222,-0.4762299522610047,-0.2999999999999929
Benjamin Lecomte,Montpellier,26,France,2017/2018,2500000,6000000,Goalkeeper,fr Ligue 1,38,38,3420.0,38.0,-0.592089515003399,0.32231312623006,0.5529811250819955,0.7090451424101307,0.2093892680616897,0.0750000000000027
Benjamin Lecomte,Montpellier,27,France,2018/2019,8000000,17000000,Goalkeeper,fr Ligue 1,37,37,3330.0,37.0,0.2273717076676804,-0.2271007215525416,0.9430345989940492,0.122018292996431,0.2314190680715075,0.2750000000000013
Benjamin Lecomte,Monaco,28,France,2019/2020,14000000,11000000,Goalkeeper,fr Ligue 1,28,28,2520.0,28.0,0.0680064067336309,0.4231361004949866,0.4199373307818274,-0.6496637838413964,0.1726340019759004,0.013668006147627
Benjamin Lecomte,Monaco,29,France,2020/2021,11000000,10000000,Goalkeeper,fr Ligue 1,28,28,2520.0,28.0,0.2600296655252353,-2.0685173764513345,-0.2153103369441705,1.2965655572406092,-0.5183164160266095,0.8500000000000025
Benoît Costil,Bordeaux,30,France,2017/2018,7500000,6500000,Goalkeeper,fr Ligue 1,36,36,3240.0,36.0,-0.6089697652525796,-1.293785064611365,1.197971907629987,0.5204498532107338,-0.2275067590380158,0.1250000000000027
Benoît Costil,Bordeaux,31,France,2018/2019,6500000,5500000,Goalkeeper,fr Ligue 1,37,37,3330.0,37.0,-0.2147758931360773,0.4448616069648273,0.0902290662220243,-0.2882201689298073,0.0813318303697052,-0.199999999999999
Benoît Costil,Bordeaux,32,France,2019/2020,5000000,4000000,Goalkeeper,fr Ligue 1,28,28,2520.0,28.0,-0.0773386830173184,-0.3791880431130267,0.4111262666029839,-0.1275036416363228,-0.0683944654385913,0.2540642288263319
Benoît Costil,Bordeaux,33,France,2020/2021,3500000,2800000,Goalkeeper,fr Ligue 1,38,38,3420.0,38.0,-0.1094682059755374,-0.6318922274907209,0.4033032014272368,-0.2638528473958149,-0.1872814578681997,-0.3499999999999975
Bernd Leno,Leverkusen,25,Germany,2017/2018,16000000,20000000,Goalkeeper,de Bundesliga,33,33,2970.0,33.0,0.5754406535260036,-1.4304287835875893,0.62032696952257,0.6688921927519309,-0.1013743395807232,0.38888888888888
Bernd Leno,Arsenal,26,Germany,2018/2019,22000000,30000000,Goalkeeper,eng Premier League,32,31,2836.0,31.5,0.0710708423050229,0.7451668387264279,-0.3159293593550672,-0.2554831750399531,0.1612712880357457,0.5500000000000017
Bernd Leno,Arsenal,27,Germany,2019/2020,35000000,28000000,Goalkeeper,eng Premier League,30,30,2649.0,29.4,-0.2769598139599213,1.4588035330360518,0.1202115650705338,-0.4405099592998543,0.405317680445293,0.2000000000000052
Bernd Leno,Arsenal,28,Germany,2020/2021,32000000,22000000,Goalkeeper,eng Premier League,35,35,3131.0,34.8,0.0250263214752972,-0.2555397692232893,-0.8670752660729056,0.4294166005511351,-0.2355386652948831,0.399999999999998
Ciprian Tătărușanu,Nantes,31,Romania,2017/2018,4000000,4000000,Goalkeeper,fr Ligue 1,37,37,3330.0,37.0,-0.3716417649858125,-0.2406050439946905,1.1607737717085975,0.62670855854116,0.2070775200637286,-0.1249999999999966
Ciprian Tătărușanu,Nantes,32,Romania,2018/2019,4000000,2500000,Goalkeeper,fr Ligue 1,27,27,2390.0,26.6,0.1399653966903589,-0.5424831212945941,0.746741701097562,0.0041983583527964,0.0324374357467917,9.143313306604365e-16
Ciprian Tătărușanu,Lyon,33,Romania,2019/2020,1500000,1200000,Goalkeeper,fr Ligue 1,2,2,180.0,2.0,0.8601909746512809,0.4130793490487021,0.0124322400035199,-0.0288572394788974,0.3584049899089113,0.5085615447161532
Ciprian Tătărușanu,Milan,34,Romania,2020/2021,700000,600000,Goalkeeper,it Serie A,1,1,90.0,1.0,-1.062551194306784,0.5485929083846555,-0.9472219255452956,-1.63659635069354,-0.5559252146324215,0.8250000000000074
David Ospina,Arsenal,28,Colombia,2017/2018,7000000,5000000,Goalkeeper,eng Premier League,5,4,381.0,4.2,0.6719561885977603,0.4611714868270382,-0.0114948947279217,0.772917606196386,0.4424629847863809,0.5750000000000041
David Ospina,Napoli,29,Colombia,2018/2019,5000000,4000000,Goalkeeper,it Serie A,17,16,1457.0,16.2,-0.1168795621352292,0.1218638705604421,-0.6001123414260937,-0.0271202136230891,-0.1406636532376393,0.95
David Ospina,Napoli,30,Colombia,2019/2020,3500000,2800000,Goalkeeper,it Serie A,17,17,1469.0,16.3,0.0796874588935046,-0.1747602349673192,-0.7574777351520257,0.5229351364836785,-0.1521733808306402,0.2750000000000023
David Ospina,Napoli,31,Colombia,2020/2021,4000000,5000000,Goalkeeper,it Serie A,16,16,1440.0,16.0,0.0335438846089498,-0.4194098644898095,0.0200416344219743,1.4019433231230254,0.0768944256547515,1.125000000000007
David Soria,Sevilla,24,Spain,2017/2018,1500000,4000000,Goalkeeper,es La Liga,15,15,1263.0,14.0,-0.7075066281907083,-0.2394357003507658,0.163896672042918,0.3312940302870912,-0.1700108796166519,-0.2249999999999982
David Soria,Getafe,25,Spain,2018/2019,3000000,15000000,Goalkeeper,es La Liga,37,37,3330.0,37.0,-0.9243321373158904,0.2245984687983859,1.131048240447745,0.5620617281630457,0.2145977490868557,0.3250000000000023
David Soria,Getafe,26,Spain,2019/2020,18000000,14500000,Goalkeeper,es La Liga,38,38,3420.0,38.0,-0.8113496365771463,-1.6515480424964488,1.5237406065387809,0.8720707246748378,-0.2691334636821227,0.1500000000000001
David Soria,Getafe,27,Spain,2020/2021,15000000,9000000,Goalkeeper,es La Liga,28,28,2520.0,28.0,-0.7197621509634298,-1.8639132835774368,1.6432852454994011,0.3860168710085874,-0.3635863449668217,-0.3750000000000001
David de Gea,Man United,26,Spain,2017/2018,40000000,70000000,Goalkeeper,eng Premier League,37,37,3330.0,37.0,-0.1954103948098179,1.3276131262611306,-0.3414690613093436,1.174364696006193,0.5065994345625342,1.0000000000000036
David de Gea,Man United,27,Spain,2018/2019,70000000,65000000,Goalkeeper,eng Premier League,38,38,3420.0,38.0,-0.0950035685507612,0.3885571694805429,-0.2788830502576041,-0.5782751637145714,-0.044217919941087,0.2750000000000012
David de Gea,Man United,28,Spain,2019/2020,60000000,40000000,Goalkeeper,eng Premier League,38,38,3420.0,38.0,-0.6116304873537102,-0.0096225064878019,-1.2101766803624938,0.8239720467433825,-0.3352238621882742,0.7500000000000046
David de Gea,Man United,29,Spain,2020/2021,35000000,18000000,Goalkeeper,eng Premier League,26,26,2295.0,25.5,-0.8976688828257711,-0.6817178053343775,-1.1235123512828684,0.5303215175895527,-0.664348312755759,0.724999999999997
Ederson,Man City,23,Brazil,2017/2018,22000000,50000000,Goalkeeper,eng Premier League,36,36,3194.0,35.5,0.7081706057829852,-1.724738921995219,-0.8412406396605863,1.8365912533784916,-0.3614374431609532,1.9750000000000043
Ederson,Man City,24,Brazil,2018/2019,60000000,70000000,Goalkeeper,eng Premier League,38,38,3420.0,38.0,0.0137607939818547,-0.6402732462335662,-0.949298793775855,2.312852001671946,-0.1110523358794563,1.800000000000001
Ederson,Man City,25,Brazil,2019/2020,70000000,56000000,Goalkeeper,eng Premier League,35,35,3071.0,34.1,0.6511955840129985,-0.9023976815696054,-0.3515531365893993,1.7797194854714966,0.0260293461272624,1.675000000000006
Ederson,Man City,26,Brazil,2020/2021,56000000,50000000,Goalkeeper,eng Premier League,36,36,3240.0,36.0,-0.2140045456197652,-0.667025722562046,-0.2189082395159892,1.933699320711549,-0.0516323010739223,1.2749999999999977
Fernando Pacheco,Alaves,25,Spain,2017/2018,5000000,9000000,Goalkeeper,es La Liga,38,37,3360.0,37.3,-1.1465518130773718,0.9402254322439276,0.7340168452369472,-0.031302095702372,0.2212498449699126,-0.2499999999999984
Fernando Pacheco,Alaves,26,Spain,2018/2019,12000000,15000000,Goalkeeper,es La Liga,35,35,3150.0,35.0,-0.3952451862058205,-0.117132350564926,0.6283317011792143,-0.5381121081244383,-0.0634415101730414,-0.2749999999999981
Fernando Pacheco,Alaves,27,Spain,2019/2020,18000000,14500000,Goalkeeper,es La Liga,27,27,2358.0,26.2,-0.8483600876647429,-0.7065343253852366,1.3803465709271805,-0.2749428139110901,-0.1555318151558869,-0.6250000000000007
Fernando Pacheco,Alaves,28,Spain,2020/2021,14000000,8000000,Goalkeeper,es La Liga,38,37,3349.0,37.2,-0.0691382561239947,-0.9099107544324544,-0.2274058102682176,-0.8051160345878704,-0.5133721858375927,-0.5250000000000005
Florian Müller,Mainz,19,Germany,2017/2018,275000,1000000,Goalkeeper,de Bundesliga,5,5,450.0,5.0,-0.4118191123862725,-0.5293508624300719,-0.815629342113777,-0.5974535922040126,-0.5817529543061395,-0.3888888888888973
Florian Müller,Mainz,20,Germany,2018/2019,4000000,10000000,Goalkeeper,de Bundesliga,24,24,2160.0,24.0,0.2376255553094437,-0.1842302778779908,-0.4293513158662674,-1.3059018970416798,-0.3082973219527546,-0.3055555555555628
Florian Müller,Mainz,21,Germany,2019/2020,6500000,2400000,Goalkeeper,de Bundesliga,13,12,1125.0,12.5,0.3027537372945311,-0.5683862901536741,0.9740533779012388,-1.2378816472182037,-0.065415669837574,-0.5833333333333444
Florian Müller,Freiburg,22,Germany,2020/2021,4000000,8000000,Goalkeeper,de Bundesliga,31,31,2790.0,31.0,0.4868334434274431,0.5145371391217478,0.2484709408084724,-0.8987715071351293,0.2290983686813212,-6.144259658568517e-15
Gerónimo Rulli,Sociedad,25,Argentina,2017/2018,14000000,10000000,Goalkeeper,es La Liga,26,26,2340.0,26.0,0.2598943377769063,-1.3067370748872034,0.5963338837591596,-0.5683367016104637,-0.3285514260680742,0.1750000000000018
Gerónimo Rulli,Sociedad,26,Argentina,2018/2019,6000000,10000000,Goalkeeper,es La Liga,27,27,2430.0,27.0,0.6751996378576492,-0.4223734768304727,1.3671832920377278,-0.2329115937665324,0.327828276518199,-0.0249999999999982
Gerónimo Rulli,Montpellier,27,Argentina,2019/2020,10000000,8000000,Goalkeeper,fr Ligue 1,25,25,2250.0,25.0,0.9971061418299406,0.5001634026373701,2.2230068357537243,0.3932800046356515,1.0390774360143435,0.0442828286169387
Gerónimo Rulli,Villarreal,28,Argentina,2020/2021,5000000,4000000,Goalkeeper,es La Liga,2,2,180.0,2.0,0.6948942534613348,0.5670405453217268,-3.2470693254452225,-2.7039448627570537,-0.8451713065469256,0.4000000000000002
Gianluca Pegolo,Sassuolo,36,Italy,2017/2018,200000,150000,Goalkeeper,it Serie A,2,1,104.0,1.2,-0.3934408750974486,1.7955248010136324,-3.0783925378686146,-1.6366103896339512,-0.4850162313318372,-0.7499999999999892
Gianluca Pegolo,Sassuolo,37,Italy,2018/2019,150000,150000,Goalkeeper,it Serie A,3,2,203.0,2.3,-0.0630215498357671,0.7099025040704832,-2.6301731274255253,-2.2223770172625943,-0.7581893454800431,-0.1749999999999993
Gianluca Pegolo,Sassuolo,38,Italy,2019/2020,150000,150000,Goalkeeper,it Serie A,5,5,450.0,5.0,0.1027363367304235,2.2829823052529346,-1.2960503256377394,0.3220782228972892,0.5490270430462915,0.1500000000000018
Gianluca Pegolo,Sassuolo,39,Italy,2020/2021,150000,100000,Goalkeeper,it Serie A,1,1,90.0,1.0,-0.8541666338004812,0.2853330663855711,-2.5685441474161093,1.264343640377943,-0.5661595760125063,0.2000000000000068
Gianluigi Buffon,Juventus,39,Italy,2017/2018,2000000,2000000,Goalkeeper,it Serie A,21,21,1862.0,20.7,-0.2151552850846026,0.1029295991339907,0.6301850438811816,2.118912488350506,0.4576196726486174,1.5500000000000114
Gianluigi Buffon,Paris SG,40,Italy,2018/2019,1000000,1000000,Goalkeeper,fr Ligue 1,17,17,1530.0,17.0,0.2221342961648917,0.0391043258696568,-1.421701439000773,1.093337167368562,-0.122204696549306,1.7500000000000009
Gianluigi Buffon,Juventus,41,Italy,2019/2020,1000000,1000000,Goalkeeper,it Serie A,9,9,810.0,9.0,0.035412637757275,-0.3590080507655411,-1.1400857864114635,0.7262600623962533,-0.2928820955720486,0.8250000000000025
Gianluigi Buffon,Juventus,42,Italy,2020/2021,1000000,1000000,Goalkeeper,it Serie A,8,8,720.0,8.0,0.0986629435416473,-0.6680236937332636,0.6018438845820913,1.6936816818214049,0.1953706664975031,0.9750000000000068
Gianluigi Donnarumma,Milan,18,Italy,2017/2018,25000000,40000000,Goalkeeper,it Serie A,38,38,3420.0,38.0,-0.0209854352473687,-0.2750612745265692,-0.8591259676933528,0.364135368505225,-0.2616789915436959,0.3500000000000109
Gianluigi Donnarumma,Milan,19,Italy,2018/2019,40000000,55000000,Goalkeeper,it Serie A,36,36,3090.0,34.3,0.4427380212212339,0.6296635110203805,0.4924926751591447,0.6894815657744092,0.5576121378183893,0.4750000000000005
Gianluigi Donnarumma,Milan,20,Italy,2019/2020,55000000,49500000,Goalkeeper,it Serie A,36,36,3201.0,35.6,0.0657570761624386,0.052453085253621,1.105164158245182,0.5433940939104401,0.3925980025272385,0.4250000000000023
Gianluigi Donnarumma,Milan,21,Italy,2020/2021,60000000,65000000,Goalkeeper,it Serie A,37,37,3330.0,37.0,0.238133482704322,-0.3440242766736114,0.7913502872547561,1.0296133665164926,0.2914044506314794,0.8250000000000074
Hugo Lloris,Tottenham,30,France,2017/2018,24000000,25000000,Goalkeeper,eng Premier League,36,36,3240.0,36.0,0.4941208031113851,-0.6599554173077077,0.9875546264019714,1.1007124425109358,0.3045413276972818,0.9500000000000032
Hugo Lloris,Tottenham,31,France,2018/2019,30000000,25000000,Goalkeeper,eng Premier League,33,33,2970.0,33.0,0.5809722896357131,0.9980282325786256,-0.0453909931816738,0.7293112719093493,0.5926018963024312,0.7000000000000012
Hugo Lloris,Tottenham,32,France,2019/2020,18000000,14500000,Goalkeeper,eng Premier League,21,21,1807.0,20.1,-0.2280404623994786,1.8886207152670744,0.4941688539707817,0.4574139652207332,0.7961614430194117,0.3500000000000051
Hugo Lloris,Tottenham,33,France,2020/2021,12000000,9000000,Goalkeeper,eng Premier League,38,38,3420.0,38.0,-0.7878725281699648,0.4859683078467979,-0.2555423023182951,0.3832345629862444,-0.033279615427749,0.5749999999999975
Jan Oblak,Ath Madrid,24,Slovenia,2017/2018,40000000,70000000,Goalkeeper,es La Liga,37,37,3330.0,37.0,-1.2527910268630411,1.1715745523260206,1.0802042227051956,2.182317308635694,0.6942519885699998,0.9000000000000025
Jan Oblak,Ath Madrid,25,Slovenia,2018/2019,80000000,100000000,Goalkeeper,es La Liga,37,37,3330.0,37.0,-0.9188422171052624,1.1628123364146747,0.6404910673343046,1.708140388284913,0.5936175885451337,0.6500000000000026
Jan Oblak,Ath Madrid,26,Slovenia,2019/2020,100000000,80000000,Goalkeeper,es La Liga,38,38,3395.0,37.7,-0.7306238703673914,-0.2975741807653564,-0.0910439911104896,1.3934549526604767,-0.1005496857382735,0.5999999999999999
Jan Oblak,Ath Madrid,27,Slovenia,2020/2021,90000000,70000000,Goalkeeper,es La Liga,38,38,3420.0,38.0,-0.4660552506267106,0.6912842161345357,0.7027364496515591,1.7758502282761208,0.5674973096447178,1.0500000000000005
Jasper Cillessen,Barcelona,28,Netherlands,2017/2018,9000000,9000000,Goalkeeper,es La Liga,1,1,90.0,1.0,0.3002149013218476,1.423040820188853,-0.5096119397261071,0.8629444457540417,0.5751566943281399,1.7500000000000022
Jasper Cillessen,Barcelona,29,Netherlands,2018/2019,20000000,18000000,Goalkeeper,es La Liga,3,3,270.0,3.0,0.482670940163682,-0.0152442144153394,-0.2347804987625664,-0.2725095152564725,0.0157607080164392,1.3500000000000014
Jasper Cillessen,Valencia,30,Netherlands,2019/2020,18000000,14500000,Goalkeeper,es La Liga,24,24,2096.0,23.3,-0.764398386088782,0.2691353492205321,1.5403843190467257,-0.1089133667260597,0.2718568504577632,-0.1749999999999996
Jasper Cillessen,Valencia,31,Netherlands,2020/2021,12000000,5000000,Goalkeeper,es La Liga,10,10,900.0,10.0,-0.2302180269709698,0.50542760753732,0.5433083983957063,0.0808803335761323,0.267304305530666,-0.0749999999999998
Jaume Doménech,Valencia,26,Spain,2017/2018,2500000,2500000,Goalkeeper,es La Liga,5,5,450.0,5.0,-0.1144946710540459,0.8022875546149414,-0.2602040404993108,0.6925065617610161,0.2910019504910427,0.6750000000000014
Jaume Doménech,Valencia,27,Spain,2018/2019,2500000,2500000,Goalkeeper,es La Liga,4,4,360.0,4.0,-0.2074340433812225,0.74061421353918,-0.445892848725676,1.1405485157795234,0.2669655290789168,0.4000000000000022
Jaume Doménech,Valencia,28,Spain,2019/2020,7500000,6000000,Goalkeeper,es La Liga,15,14,1324.0,14.7,-0.0259280323361188,0.7351943253677874,-0.1835525417280591,-0.9540590603862334,0.061839011304746,-0.1749999999999996
Jaume Doménech,Valencia,29,Spain,2020/2021,6000000,4000000,Goalkeeper,es La Liga,28,28,2520.0,28.0,-0.0323920361836979,0.0279464437123046,0.5924083844190068,-1.0366148341460713,-0.0057068827637768,-0.0749999999999998
Jessy Moulin,St Etienne,31,France,2017/2018,250000,250000,Goalkeeper,fr Ligue 1,4,3,305.0,3.4,-0.60358901071382,2.915389898605766,0.1264416420031522,-1.235562357119163,0.7157652687664766,-0.0749999999999972
Jessy Moulin,St Etienne,32,France,2018/2019,250000,250000,Goalkeeper,fr Ligue 1,1,1,90.0,1.0,0.8864138283938996,4.0594616239007575,-3.365736405295062,-1.5039316498971538,0.5753911766554014,0.4500000000000012
Jessy Moulin,St Etienne,33,France,2019/2020,250000,250000,Goalkeeper,fr Ligue 1,5,5,450.0,5.0,-0.5106982501584783,2.2101780131975888,-0.1040037934961128,0.4288952611722991,0.684221082881353,-0.543644911623853
Jessy Moulin,St Etienne,34,France,2020/2021,500000,600000,Goalkeeper,fr Ligue 1,29,29,2610.0,29.0,-0.275957672303681,-0.8289531071990672,-0.9529702404256892,-0.3682660881896439,-0.6526054789304626,-0.2999999999999977
Jiří Pavlenka,Werder Bremen,25,Czech Republic,2017/2018,1500000,10000000,Goalkeeper,de Bundesliga,34,34,3060.0,34.0,0.2188140099660441,1.25129606245695,0.4885243879242344,-0.4166621606142655,0.5522888972403623,-0.083333333333342
Jiří Pavlenka,Werder Bremen,26,Czech Republic,2018/2019,10000000,12000000,Goalkeeper,de Bundesliga,34,34,2977.0,33.1,0.6349188543967755,0.6153083554728237,-0.6330519318423654,-1.0684260814012303,0.0555607428439062,0.2499999999999924
Jiří Pavlenka,Werder Bremen,27,Czech Republic,2019/2020,10000000,6500000,Goalkeeper,de Bundesliga,33,33,2970.0,33.0,0.5818315561699976,-0.3982427454132429,-0.9139183507995404,-2.0050121016331075,-0.5231584747969868,-0.7500000000000118
Jiří Pavlenka,Werder Bremen,28,Czech Republic,2020/2021,6500000,5500000,Goalkeeper,de Bundesliga,34,34,3060.0,34.0,0.1617528904228536,-0.5489230442085364,0.3004652537770473,-1.0486439403758254,-0.2338651204793863,-0.5833333333333393
Jordan Pickford,Everton,23,England,2017/2018,15000000,30000000,Goalkeeper,eng Premier League,38,38,3420.0,38.0,-0.3393098750607284,-0.360880745527321,1.0548725783064736,-0.5907017034838788,-0.0360228406457078,-0.3499999999999968
Jordan Pickford,Everton,24,England,2018/2019,35000000,40000000,Goalkeeper,eng Premier League,38,38,3420.0,38.0,-0.2353606953721015,-0.9176838743589172,0.8403824874464838,0.3230633277093057,-0.1214744088506295,0.2000000000000014
Jordan Pickford,Everton,25,England,2019/2020,35000000,28000000,Goalkeeper,eng Premier League,38,38,3420.0,38.0,0.0068350048077425,-0.8344589490557787,-0.3807535199384009,-0.665540942378801,-0.4853714023090072,-0.2999999999999947
Jordan Pickford,Everton,26,England,2020/2021,26000000,25000000,Goalkeeper,eng Premier League,31,31,2742.0,30.5,0.1346175162096348,0.0726975391915326,0.2825201751837195,-0.2104950978159613,0.0981542968929808,-0.0250000000000033
Kasper Schmeichel,Leicester,30,Denmark,2017/2018,10000000,10000000,Goalkeeper,eng Premier League,33,33,2965.0,32.9,0.1028360920172313,-1.090315040631444,1.9021754065006609,-0.2812934053846366,0.077448599600772,-0.0999999999999957
Kasper Schmeichel,Leicester,31,Denmark,2018/2019,12000000,12000000,Goalkeeper,eng Premier League,38,38,3420.0,38.0,0.136449788708324,-0.2750486697356616,-0.0092593459787143,-0.3578832552857155,-0.1181519120179364,0.0750000000000008
Kasper Schmeichel,Leicester,32,Denmark,2019/2020,12000000,9500000,Goalkeeper,eng Premier League,38,38,3420.0,38.0,-0.1227426235937517,-0.2166228782980998,0.2262899228229526,0.6631663315798032,0.0495437671399357,0.6500000000000052
Kasper Schmeichel,Leicester,33,Denmark,2020/2021,8000000,6000000,Goalkeeper,eng Premier League,38,38,3420.0,38.0,0.0042065171397922,-0.5216884775317868,-0.6477104286050289,-0.030000426705219,-0.3479670090082174,0.4499999999999977
Kepa Arrizabalaga,Ath Bilbao,22,Spain,2017/2018,8000000,20000000,Goalkeeper,es La Liga,30,30,2700.0,30.0,-0.093993534698309,0.254221038968397,0.9053118384357528,-0.7434964940386486,0.1802824654675026,-0.1999999999999979
Kepa Arrizabalaga,Chelsea,23,Spain,2018/2019,40000000,60000000,Goalkeeper,eng Premier League,36,36,3240.0,36.0,0.6568844785362998,-0.5232831782468546,-1.1001733710837969,0.6117341099387253,-0.2022112190324645,0.6000000000000014
Kepa Arrizabalaga,Chelsea,24,Spain,2019/2020,60000000,32000000,Goalkeeper,eng Premier League,33,33,2970.0,33.0,0.440098237259602,-1.6750997217350945,-1.397658513451691,-0.0792602102981905,-0.8375640032000339,0.3750000000000054
Kepa Arrizabalaga,Chelsea,25,Spain,2020/2021,28000000,13000000,Goalkeeper,eng Premier League,7,6,585.0,6.5,0.2837458197755941,-0.4624860546510528,-0.2210954782085552,-0.2121909779122901,-0.1780361804229522,0.5499999999999972
Kevin Trapp,Paris SG,27,Germany,2017/2018,10000000,8000000,Goalkeeper,fr Ligue 1,4,4,360.0,4.0,-1.397362810546485,2.4176659013328736,-1.4693959429223358,0.7011135624327258,0.2346604114642093,1.9750000000000023
Kevin Trapp,Ein Frankfurt,28,Germany,2018/2019,10000000,10000000,Goalkeeper,de Bundesliga,33,33,2937.0,32.6,0.2816022374251815,0.5761205761272208,-0.015048037558499,-1.1502196301124676,0.0957478070943277,0.3333333333333266
Kevin Trapp,Ein Frankfurt,29,Germany,2019/2020,10000000,8000000,Goalkeeper,de Bundesliga,22,22,1980.0,22.0,1.0763855109695597,-0.3689981944692505,0.0904358151761972,-1.0207940608260218,0.0094368543482983,-0.0277777777777885
Kevin Trapp,Ein Frankfurt,30,Germany,2020/2021,7000000,6500000,Goalkeeper,de Bundesliga,33,33,2970.0,33.0,0.1662084462542695,-0.3000443033808864,0.15092505339582,-1.0044131072306175,-0.1763940973553805,0.4444444444444388
Keylor Navas,Real Madrid,30,Costa Rica,2017/2018,18000000,18000000,Goalkeeper,es La Liga,27,27,2430.0,27.0,-0.2166077223162317,0.2619830208135275,0.6812011438772251,0.7929916338408673,0.326791157751113,1.2500000000000029
Keylor Navas,Real Madrid,31,Costa Rica,2018/2019,15000000,10000000,Goalkeeper,es La Liga,10,10,900.0,10.0,0.3218950446114447,-0.1552375196790984,-0.7869185041609715,0.8752867368793488,-0.0392959862431638,0.4250000000000024
Keylor Navas,Paris SG,32,Costa Rica,2019/2020,10000000,8000000,Goalkeeper,fr Ligue 1,21,21,1890.0,21.0,0.1967019194794083,-0.2466104871451575,-1.1647905729859491,1.584527962861383,-0.0906566394482329,1.826928539061115
Keylor Navas,Paris SG,33,Costa Rica,2020/2021,10000000,12000000,Goalkeeper,fr Ligue 1,29,29,2520.0,28.0,0.2652216518618642,0.7037513262313835,-1.0696418418437266,1.8004842948595858,0.3152805609144564,1.4500000000000024
Koen Casteels,Wolfsburg,25,Belgium,2017/2018,2500000,6000000,Goalkeeper,de Bundesliga,34,34,3060.0,34.0,0.1024469523674063,0.2937533983078719,1.4671030143585937,-0.693752982273295,0.3911382337482609,-0.3333333333333415
Koen Casteels,Wolfsburg,26,Belgium,2018/2019,10000000,13000000,Goalkeeper,de Bundesliga,26,26,2295.0,25.5,1.4140187753732858,0.9349509556490568,1.2785168769897517,-0.9381923977955396,0.8596378878985983,0.3333333333333261
Koen Casteels,Wolfsburg,27,Belgium,2019/2020,13000000,10500000,Goalkeeper,de Bundesliga,26,26,2340.0,26.0,0.6847566186564474,-0.4955177186357501,0.3337908011755938,-0.6203674846091163,-0.0118494692558696,0.0555555555555442
Koen Casteels,Wolfsburg,28,Belgium,2020/2021,11000000,14000000,Goalkeeper,de Bundesliga,32,32,2880.0,32.0,0.7727821924176445,-0.8804186371916777,1.3078424978308871,0.9312838466557456,0.3517022265434075,0.6666666666666607
Luigi Sepe,Napoli,26,Italy,2017/2018,1500000,1000000,Goalkeeper,it Serie A,1,1,90.0,1.0,-0.3681179111507169,1.1833180047186016,-1.987766172945692,1.0012246174671962,-0.0246260267525122,1.2000000000000104
Luigi Sepe,Parma,27,Italy,2018/2019,2500000,5000000,Goalkeeper,it Serie A,37,37,3330.0,37.0,-0.0436714829728456,0.8891399224644134,1.0581414008491634,-1.0472658921166536,0.4077265685141261,-0.4999999999999997
Luigi Sepe,Parma,28,Italy,2019/2020,5000000,4000000,Goalkeeper,it Serie A,34,34,3060.0,34.0,0.0469999852317879,1.2157115898179625,0.6256214028852308,-0.9985338149193576,0.4438743312276378,-0.0249999999999982
Luigi Sepe,Parma,29,Italy,2020/2021,6000000,3500000,Goalkeeper,it Serie A,36,36,3240.0,36.0,1.070118638776984,-0.3679983214701816,-0.5647826424834318,-2.25013019496872,-0.3399849426864834,-1.0999999999999928
Lukáš Hrádecký,Ein Frankfurt,27,Finland,2017/2018,4500000,10000000,Goalkeeper,de Bundesliga,34,34,3060.0,34.0,0.4936146839031292,-0.6368052892976328,0.1592688473463926,-0.5838242794006911,-0.1472346103518946,-8.469709509272135e-15
Lukáš Hrádecký,Leverkusen,28,Finland,2018/2019,12000000,8000000,Goalkeeper,de Bundesliga,32,32,2880.0,32.0,1.354125711306308,-1.0098046188679592,1.233198508212882,-0.0795353585408855,0.2814691344948789,0.4722222222222149
Lukáš Hrádecký,Leverkusen,29,Finland,2019/2020,8000000,8000000,Goalkeeper,de Bundesliga,34,34,3060.0,34.0,1.3677903444953832,0.3060970971722141,-0.2237700923502765,-0.3810416918111631,0.3359827932748771,0.4722222222222104
Lukáš Hrádecký,Leverkusen,30,Finland,2020/2021,6500000,6000000,Goalkeeper,de Bundesliga,29,29,2565.0,28.5,1.4350468642519676,-1.068655641403248,0.1151019910257013,0.1447109433908497,0.0352143808369079,0.3888888888888829
Manuel Neuer,Bayern Munich,31,Germany,2017/2018,40000000,35000000,Goalkeeper,de Bundesliga,3,3,270.0,3.0,0.2879191819031187,-0.1738042556074194,-1.6023789601204907,0.6430306750333138,-0.2929918327619427,1.77777777777777
Manuel Neuer,Bayern Munich,32,Germany,2018/2019,30000000,18000000,Goalkeeper,de Bundesliga,26,26,2302.0,25.6,0.678359620309677,-1.898214947268428,-0.6142918332279586,1.392466886927102,-0.4394882517344548,1.5555555555555487
Manuel Neuer,Bayern Munich,33,Germany,2019/2020,18000000,14500000,Goalkeeper,de Bundesliga,33,33,2970.0,33.0,1.5258282791539568,-0.5237236277696895,0.9306335466635604,1.2657814706644432,0.6206794073346544,1.8888888888888784
Manuel Neuer,Bayern Munich,34,Germany,2020/2021,18000000,18000000,Goalkeeper,de Bundesliga,33,33,2970.0,33.0,1.8082101872531784,-0.5530374715358142,-0.400270485650938,0.3222954876640403,0.2067661335126312,1.527777777777772
Marc-André ter Stegen,Barcelona,25,Germany,2017/2018,25000000,60000000,Goalkeeper,es La Liga,37,37,3330.0,37.0,-0.1055551796452651,1.0664622288897074,-0.8324792872996802,1.448377540594026,0.3560097944642652,1.7500000000000022
Marc-André ter Stegen,Barcelona,26,Germany,2018/2019,80000000,90000000,Goalkeeper,es La Liga,35,35,3150.0,35.0,0.8850361802686426,-0.0855528109612232,0.2866952036436634,1.4548034820210756,0.4812098844448097,1.3500000000000014
Marc-André ter Stegen,Barcelona,27,Germany,2019/2020,90000000,72000000,Goalkeeper,es La Liga,36,36,3240.0,36.0,0.5677671017498668,-0.3511788680169869,-0.3350758233746821,0.8647238199045691,0.0649687887735361,1.2000000000000002
Marc-André ter Stegen,Barcelona,28,Germany,2020/2021,75000000,60000000,Goalkeeper,es La Liga,31,31,2790.0,31.0,0.8360475792092036,-0.3110862411247008,-0.4341569046328723,0.8864762464270041,0.1245639212144881,1.175
Marco Sportiello,Fiorentina,25,Italy,2017/2018,6000000,6000000,Goalkeeper,it Serie A,37,37,3202.0,35.6,0.0034280146482454,0.0934613010800632,1.4801737429586292,0.837751452821673,0.5292746127029917,0.2000000000000117
Marco Sportiello,Frosinone,26,Italy,2018/2019,5000000,4000000,Goalkeeper,it Serie A,35,35,3150.0,35.0,0.2308609912783848,0.8949625404760428,0.4506311530989396,-1.66608755752464,0.2336967916322501,-0.9999999999999992
Marco Sportiello,Atalanta,27,Italy,2019/2020,2500000,2000000,Goalkeeper,it Serie A,6,5,525.0,5.8,0.5647707883213389,-0.530235356585831,-0.2645402783149078,0.7656837646153964,0.0043278173888764,1.250000000000003
Marco Sportiello,Atalanta,28,Italy,2020/2021,2000000,2000000,Goalkeeper,it Serie A,15,13,1261.0,14.0,0.3010556069264383,-1.3035136170211852,-0.9809819376934974,-0.0337330569206373,-0.6312713071872752,1.075000000000008
Marko Dmitrović,Eibar,25,Serbia,2017/2018,1000000,4000000,Goalkeeper,es La Liga,36,36,3240.0,36.0,-0.8226507024331503,-1.991445046663254,0.563084572293568,-0.1164317788343373,-0.779362065692185,-0.1499999999999983
Marko Dmitrović,Eibar,26,Serbia,2018/2019,7500000,10000000,Goalkeeper,es La Liga,24,24,2160.0,24.0,-0.4344335867451021,-1.7469897340864766,1.5175680416098711,0.0781055596608117,-0.3289469592649527,-0.099999999999998
Marko Dmitrović,Eibar,27,Serbia,2019/2020,12000000,9500000,Goalkeeper,es La Liga,35,35,3150.0,35.0,-0.8896821103103255,-2.351524308158354,0.7634862071529319,-0.2250814654995001,-0.8883447034696973,-0.4250000000000005
Marko Dmitrović,Eibar,28,Serbia,2020/2021,10000000,8000000,Goalkeeper,es La Liga,35,35,3120.0,34.7,-0.37326786820485,-1.517003189379819,1.0226566620588062,-0.4174743091573891,-0.431225064193056,-0.5750000000000002
Martin Dúbravka,Newcastle,28,Slovakia,2017/2018,600000,4000000,Goalkeeper,eng Premier League,12,12,1080.0,12.0,-0.1906779374119687,-0.5238608042823383,0.0163389459791276,0.5863556666295284,-0.1389826793625994,-0.1999999999999971
Martin Dúbravka,Newcastle,29,Slovakia,2018/2019,5000000,7000000,Goalkeeper,eng Premier League,38,38,3420.0,38.0,-0.4056707660439393,-0.3799327474228031,0.3575808511771726,-0.2103590264782879,-0.1765527942864159,-0.149999999999999
Martin Dúbravka,Newcastle,30,Slovakia,2019/2020,7000000,5500000,Goalkeeper,eng Premier League,38,38,3420.0,38.0,-0.2817215873805446,1.1276136529528722,-0.4279739173633259,-0.7671345699780977,0.1021707168508229,-0.4999999999999952
Martin Dúbravka,Newcastle,31,Slovakia,2020/2021,7500000,5000000,Goalkeeper,eng Premier League,13,13,1170.0,13.0,0.2603123619862857,0.4028315323314913,0.1029150307555639,-0.3795676116965282,0.1748627427470051,-0.4000000000000024
Marwin Hitz,Augsburg,29,Switzerland,2017/2018,4000000,4000000,Goalkeeper,de Bundesliga,32,32,2880.0,32.0,0.9500432260943368,0.9114172199390024,0.4212079662045226,-0.6578483355231062,0.5631315747248996,-0.0833333333333418
Marwin Hitz,Dortmund,30,Switzerland,2018/2019,3000000,2500000,Goalkeeper,de Bundesliga,2,2,180.0,2.0,0.6755038177055546,-0.7241289008302436,-1.700163166322686,-0.5346071913241545,-0.5898010311434913,1.0277777777777697
Marwin Hitz,Dortmund,31,Switzerland,2019/2020,2500000,2000000,Goalkeeper,de Bundesliga,4,3,290.0,3.2,0.8554460474614325,0.7751437803488794,-0.478432326727846,1.611298484010684,0.607248525907107,1.1944444444444329
Marwin Hitz,Dortmund,32,Switzerland,2020/2021,1700000,1700000,Goalkeeper,de Bundesliga,16,16,1395.0,15.5,0.5453027480326882,-0.5760864177895569,-0.5474898610725047,0.9339683183761722,-0.0620817767298732,0.8055555555555495
Mathew Ryan,Brighton,25,Australia,2017/2018,3500000,8000000,Goalkeeper,eng Premier League,38,38,3420.0,38.0,-0.1769337237500717,0.4372581519604683,0.7349242479379097,-0.6162936989369775,0.2000939293925767,-0.4999999999999962
Mathew Ryan,Brighton,26,Australia,2018/2019,8000000,10000000,Goalkeeper,eng Premier League,34,34,3060.0,34.0,-0.6559890550437015,-0.2376167384882678,-0.09314823401161,-1.156715374579063,-0.443957486921581,-0.6249999999999986
Mathew Ryan,Brighton,27,Australia,2019/2020,10000000,8000000,Goalkeeper,eng Premier League,38,38,3420.0,38.0,0.8906068983472784,0.3998766806852456,-0.643712429978482,-0.8752681935089649,0.0703902263056903,-0.374999999999995
Mathew Ryan,Brighton,28,Australia,2020/2021,8000000,6000000,Goalkeeper,eng Premier League,11,11,990.0,11.0,-0.3462483937530924,-1.4548729357830408,-0.5817783053784352,-0.6345385432508244,-0.8363929837945698,-0.1500000000000023
Mattia Perin,Genoa,24,Italy,2017/2018,15000000,16000000,Goalkeeper,it Serie A,37,37,3330.0,37.0,-0.1334629867029431,0.9410349279285246,0.4268542310538933,-0.1942416604080666,0.3735737868015112,-0.2499999999999881
Mattia Perin,Juventus,25,Italy,2018/2019,15000000,13000000,Goalkeeper,it Serie A,9,9,810.0,9.0,-0.3316394006556121,-0.2836107053358009,-0.819070559091738,1.042374946497893,-0.2305849948296839,0.9999999999999998
Mattia Perin,Genoa,26,Italy,2019/2020,10000000,8000000,Goalkeeper,it Serie A,21,21,1890.0,21.0,-0.1296488705322792,-0.4294226844652443,-0.4078331290089856,-0.8949012972260947,-0.4189036340320659,-0.6499999999999967
Mattia Perin,Genoa,27,Italy,2020/2021,7500000,7000000,Goalkeeper,it Serie A,32,32,2879.0,32.0,-0.1705977574146902,1.2170779059352763,0.1893005341909594,-0.5408453477384096,0.3495261591106526,-0.2749999999999934
Mike Maignan,Lille,21,France,2017/2018,800000,4000000,Goalkeeper,fr Ligue 1,34,34,3033.0,33.7,0.2135821840529224,-0.4300837223669864,1.2344763384031276,-0.5054536648316446,0.1356672780608206,-0.6499999999999977
Mike Maignan,Lille,22,France,2018/2019,7000000,17500000,Goalkeeper,fr Ligue 1,38,38,3420.0,38.0,-0.6697164792278198,-0.2849506135738135,1.41902684934333,1.1796548869200958,0.2645431108160572,0.8750000000000012
Mike Maignan,Lille,23,France,2019/2020,22000000,17500000,Goalkeeper,fr Ligue 1,28,28,2520.0,28.0,-0.8159026010205174,-0.7539844212892597,0.6349151542476356,1.0209675947596617,-0.155996269930512,0.3216235587852583
Mike Maignan,Lille,24,France,2020/2021,20000000,25000000,Goalkeeper,fr Ligue 1,38,38,3420.0,38.0,-0.3698745045135254,0.0489273355447997,-0.3423418667052432,1.9304604403251489,0.12863954068476,1.025000000000002
Neto,Valencia,28,Brazil,2017/2018,6000000,15000000,Goalkeeper,es La Liga,33,33,2970.0,33.0,-1.072527654163901,1.8504944381314068,0.4551813658141177,0.6798070589613328,0.5953075401027464,0.6750000000000014
Neto,Valencia,29,Brazil,2018/2019,18000000,18000000,Goalkeeper,es La Liga,34,34,3060.0,34.0,-1.0024377746890534,1.079398159987882,0.5371350514502106,0.3715016110881831,0.3171889168492754,0.4000000000000022
Neto,Barcelona,30,Brazil,2019/2020,18000000,14500000,Goalkeeper,es La Liga,2,2,180.0,2.0,0.2242897590829259,-0.9404673047781302,-1.8001056631521803,0.8045253142612772,-0.6024387355504675,1.2000000000000002
Neto,Barcelona,31,Brazil,2020/2021,10000000,6000000,Goalkeeper,es La Liga,7,7,630.0,7.0,-0.115022028873525,0.2381602254502092,-0.5342917498221512,0.5937633971399137,0.0100921438046412,1.175
Oliver Baumann,Hoffenheim,27,Germany,2017/2018,7000000,10000000,Goalkeeper,de Bundesliga,34,34,3060.0,34.0,0.2407486032970264,-0.5935529661417154,0.9270589288605132,-0.1553420105028393,0.0609070433143586,0.499999999999991
Oliver Baumann,Hoffenheim,28,Germany,2018/2019,10000000,8000000,Goalkeeper,de Bundesliga,33,33,2970.0,33.0,0.489577852803212,0.1696051282203531,0.7124654578473103,-0.8919412336310408,0.226081437495098,0.4999999999999924
Oliver Baumann,Hoffenheim,29,Germany,2019/2020,7000000,5500000,Goalkeeper,de Bundesliga,30,30,2700.0,30.0,0.3440179919667487,-0.2898090143630845,0.5376546605154103,-0.6572582937163857,0.0203962640360023,-1.1790951498654148e-14
Oliver Baumann,Hoffenheim,30,Germany,2020/2021,5500000,5000000,Goalkeeper,de Bundesliga,31,31,2790.0,31.0,0.2964925610963745,-1.1126735935738568,0.4511070287978067,-0.691737644575259,-0.3062965069635933,-0.055555555555561
Pau López,Espanol,22,Spain,2017/2018,1500000,5000000,Goalkeeper,es La Liga,28,27,2478.0,27.5,-0.7926198454251375,1.502260760343364,1.2660378782746498,0.1455802193544975,0.66598280723573,-0.1499999999999982
Pau López,Betis,23,Spain,2018/2019,10000000,20000000,Goalkeeper,es La Liga,33,33,2970.0,33.0,0.462287197829108,-0.7054193734901548,0.5582275708610802,-0.1399848503309194,-0.012765816098645,-0.1999999999999977
Pau López,Roma,24,Spain,2019/2020,24000000,19000000,Goalkeeper,it Serie A,32,32,2880.0,32.0,0.0752669171231443,-0.4699048751374044,0.1712302671173015,-0.0881372161366824,-0.1160629926584824,0.6500000000000031
Pau López,Roma,25,Spain,2020/2021,17000000,10000000,Goalkeeper,it Serie A,21,20,1817.0,20.2,0.3070411161621946,-0.3484913908849842,-0.683838284878931,-0.1956655597910848,-0.2455211129575913,0.3250000000000075
Paulo Gazzaniga,Tottenham,25,Argentina,2017/2018,1000000,1000000,Goalkeeper,eng Premier League,1,1,90.0,1.0,0.4267073180760087,2.578026309812824,-2.672100392181449,2.2265784121797685,0.6749477017350933,0.9500000000000032
Paulo Gazzaniga,Tottenham,26,Argentina,2018/2019,2000000,2000000,Goalkeeper,eng Premier League,3,3,270.0,3.0,0.35092102546802,2.6459543346654524,-1.4800903797285423,0.3342101590683336,0.6939232024280275,0.7000000000000012
Paulo Gazzaniga,Tottenham,27,Argentina,2019/2020,3500000,2800000,Goalkeeper,eng Premier League,18,17,1613.0,17.9,-0.8643168447357321,-0.1900414218825141,0.2850048108263397,-0.6483439908420148,-0.3085941047625303,0.3500000000000051
Paulo Gazzaniga,Elche,28,Argentina,2020/2021,4000000,3000000,Goalkeeper,es La Liga,8,8,720.0,8.0,-0.6332712802948054,-0.7811366337184655,-0.4048477899364346,0.0136754781651745,-0.5308762676344968,-0.5250000000000002
Pepe Reina,Napoli,34,Spain,2017/2018,2000000,1000000,Goalkeeper,it Serie A,37,37,3330.0,37.0,0.4754563533471385,-0.8960008203483134,-0.4579114786382137,1.810192497412681,-0.0376851938327763,1.2000000000000104
Pepe Reina,Milan,35,Spain,2018/2019,1000000,1000000,Goalkeeper,it Serie A,4,2,330.0,3.7,-0.1407266743206589,-0.382102481197207,0.25144879087259,0.1775593469662446,-0.0794214372361029,0.4750000000000005
Pepe Reina,Aston Villa,36,Spain,2019/2020,800000,650000,Goalkeeper,eng Premier League,12,12,1080.0,12.0,-0.1211602454018898,-0.1736318589526952,0.1487668465933207,-0.8205981544834715,-0.1769592235081063,-0.6499999999999952
Pepe Reina,Lazio,37,Spain,2020/2021,800000,800000,Goalkeeper,it Serie A,29,29,2610.0,29.0,0.5179949296475237,-0.1880255211527863,-0.0950891092441242,0.0949781491005603,0.0541642450624586,0.1500000000000073
Pierluigi Gollini,Atalanta,22,Italy,2017/2018,4000000,3500000,Goalkeeper,it Serie A,7,7,622.0,6.9,0.5709862539205088,0.0539625972180541,-0.9678565920934504,0.874230135032156,0.0508038447379069,0.4500000000000114
Pierluigi Gollini,Atalanta,23,Italy,2018/2019,3500000,6000000,Goalkeeper,it Serie A,20,20,1799.0,20.0,-0.217316775939995,-0.4442984667202982,-0.2961236935202014,0.3814376780412127,-0.2266489290109715,0.775000000000001
Pierluigi Gollini,Atalanta,24,Italy,2019/2020,8000000,13000000,Goalkeeper,it Serie A,33,33,2884.0,32.0,0.1214958209523418,-0.9230492016725924,-0.1443801010647531,0.1215537560513291,-0.3105552272058107,1.250000000000003
Pierluigi Gollini,Atalanta,25,Italy,2020/2021,17000000,17000000,Goalkeeper,it Serie A,25,25,2156.0,24.0,-0.2134980399373196,-1.6475476901798098,0.1226358240336635,1.0592082822963889,-0.4404760031943892,1.075000000000008
Péter Gulácsi,RB Leipzig,27,Hungary,2017/2018,3000000,8000000,Goalkeeper,de Bundesliga,33,33,2970.0,33.0,0.3350338242907175,-0.6181353724484976,0.3992688575690765,-0.538559117702057,-0.1135555775473341,0.1111111111111021
Péter Gulácsi,RB Leipzig,28,Hungary,2018/2019,10000000,12000000,Goalkeeper,de Bundesliga,33,33,2925.0,32.5,0.0462076421586481,-0.0685818133890678,0.5837734615902141,1.2559230583450385,0.3218801000027975,0.9444444444444368
Péter Gulácsi,RB Leipzig,29,Hungary,2019/2020,12000000,9500000,Goalkeeper,de Bundesliga,32,32,2880.0,32.0,1.0402522308821014,-0.3557468497760237,0.0382401489206776,0.4389814830799402,0.2109589199910775,1.2222222222222108
Péter Gulácsi,RB Leipzig,30,Hungary,2020/2021,11000000,13000000,Goalkeeper,de Bundesliga,33,33,2970.0,33.0,0.9388102581700424,-2.095178657307376,-0.0526426621287238,1.5823307058154312,-0.2744210251749371,0.7777777777777718
Ralf Fährmann,Schalke 04,28,Germany,2017/2018,9000000,13000000,Goalkeeper,de Bundesliga,34,34,3015.0,33.5,-0.3698785118024805,-0.3236725942855084,1.242339987719073,0.6361095444615469,0.2002463926484522,0.4444444444444367
Ralf Fährmann,Schalke 04,29,Germany,2018/2019,10000000,5000000,Goalkeeper,de Bundesliga,17,16,1470.0,16.3,0.4598551930610965,0.132299736758452,0.2868171490537652,-1.0843829187794187,0.0703155555772608,-0.5000000000000069
Ralf Fährmann,Norwich,30,Germany,2019/2020,4000000,1600000,Goalkeeper,eng Premier League,1,1,21.0,0.2,-8.063783560133793,0.4180248452920842,-2.370998148778307,-0.0373479052279499,-2.467988917159988,-1.2249999999999948
Ralf Fährmann,Schalke 04,31,Germany,2020/2021,1600000,1000000,Goalkeeper,de Bundesliga,22,22,1876.0,20.8,0.379353533964235,0.2567911867318115,1.3206995807724395,-2.2052935742587136,0.1840961579014956,-1.6944444444444504
Robin Zentner,Mainz,22,Germany,2017/2018,200000,600000,Goalkeeper,de Bundesliga,15,15,1350.0,15.0,-0.410006282788609,-0.941664465626289,0.5702523275321216,-1.029341847127179,-0.4439223288523998,-0.3888888888888973
Robin Zentner,Mainz,23,Germany,2018/2019,1000000,1000000,Goalkeeper,de Bundesliga,10,10,900.0,10.0,0.4305746751575567,0.5657899155744747,0.6939809125040407,-0.5211029397623868,0.4009999264021074,-0.3055555555555628
Robin Zentner,Mainz,24,Germany,2019/2020,3000000,3200000,Goalkeeper,de Bundesliga,22,22,1935.0,21.5,0.4663638235302188,-0.2327793534946172,0.5769880999398949,-1.3909353559364637,-0.0292750962460571,-0.5833333333333444
Robin Zentner,Mainz,25,Germany,2020/2021,4500000,5000000,Goalkeeper,de Bundesliga,31,31,2790.0,31.0,-0.0178393411457096,-0.114006527327307,0.3756656488572719,-0.792600554127759,-0.0693357907558307,-0.4722222222222283
Roman Bürki,Dortmund,26,Switzerland,2017/2018,9000000,7000000,Goalkeeper,de Bundesliga,33,33,2969.0,33.0,0.7025692153238567,0.0589347584066399,0.4131039574940365,0.0405242330276158,0.3056240936009396,0.4722222222222135
Roman Bürki,Dortmund,27,Switzerland,2018/2019,8500000,14000000,Goalkeeper,de Bundesliga,32,32,2880.0,32.0,0.1113861447342662,-0.2838030170572825,-0.1688598734508229,0.3118496433570092,-0.0669220416456366,1.0277777777777697
Roman Bürki,Dortmund,28,Switzerland,2019/2020,14000000,11000000,Goalkeeper,de Bundesliga,31,31,2770.0,30.8,0.0405380763154727,-1.5183176370389495,-1.0204207869778292,0.5467377540546076,-0.6943711875210303,1.1944444444444329
Roman Bürki,Dortmund,29,Switzerland,2020/2021,7000000,4000000,Goalkeeper,de Bundesliga,19,18,1665.0,18.5,0.2511744218444522,0.5805373329382719,-0.7216012015931297,-0.7258645210705006,-0.0232983065693492,0.8055555555555495
Rubén Blanco,Celta,22,Spain,2017/2018,1500000,3000000,Goalkeeper,es La Liga,22,22,1941.0,21.6,-0.2944189927841482,-0.0547115127935563,0.4079956536892268,-0.4622594214992754,-0.0600937774763663,-0.0249999999999984
Rubén Blanco,Celta,23,Spain,2018/2019,3000000,3000000,Goalkeeper,es La Liga,25,25,2250.0,25.0,-0.0946568455764179,-0.7369926671957273,-0.2908316283356248,-0.7808650300934638,-0.4714493065105347,-0.2249999999999982
Rubén Blanco,Celta,24,Spain,2019/2020,6000000,8000000,Goalkeeper,es La Liga,33,33,2960.0,32.9,-0.7424764732999208,-0.1684698628263911,-0.3094401329200865,-0.3549847126828577,-0.3751913104466673,-0.3000000000000005
Rubén Blanco,Celta,25,Spain,2020/2021,7000000,5000000,Goalkeeper,es La Liga,19,19,1637.0,18.2,0.158543461978663,-1.321659244621459,-0.8500286646659562,-0.4397009884162083,-0.7014071845517651,-0.0500000000000005
Rune Jarstein,Hertha,32,Norway,2017/2018,2500000,2500000,Goalkeeper,de Bundesliga,31,31,2790.0,31.0,-0.254763482999861,-0.0096687974192196,0.2108669906244289,-0.7589131376980331,-0.1281951728452898,-0.0833333333333419
Rune Jarstein,Hertha,33,Norway,2018/2019,2000000,2000000,Goalkeeper,de Bundesliga,31,31,2745.0,30.5,0.3040557296013443,0.0645507249588357,1.6368715532515483,-0.9348354085431496,0.3675992631673433,-0.2222222222222292
Rune Jarstein,Hertha,34,Norway,2019/2020,1500000,800000,Goalkeeper,de Bundesliga,29,29,2547.0,28.3,0.0723439437522817,0.1288230829499259,1.1473228000154263,-0.7113696895140296,0.2432993115472966,-0.3055555555555669
Rune Jarstein,Hertha,35,Norway,2020/2021,600000,500000,Goalkeeper,de Bundesliga,8,8,720.0,8.0,-0.0936661734316381,-0.498204664166875,-0.2106124430784281,-0.9768891269464236,-0.3969746556278863,-0.3055555555555619
Salvatore Sirigu,Torino,30,Italy,2017/2018,4000000,6000000,Goalkeeper,it Serie A,37,37,3330.0,37.0,0.0507641263807212,0.3832624050586581,1.3272512542938932,-0.1188370787299237,0.4608201251296954,0.2000000000000118
Salvatore Sirigu,Torino,31,Italy,2018/2019,6000000,7500000,Goalkeeper,it Serie A,36,36,3169.0,35.2,-0.0631599704259291,0.5953895517362475,1.1665548495273952,0.5128437594001022,0.5611616267930685,0.3750000000000001
Salvatore Sirigu,Torino,32,Italy,2019/2020,8000000,6500000,Goalkeeper,it Serie A,36,36,3240.0,36.0,0.0797944770056951,0.9600824651468896,0.696348324676137,-1.2920100983497522,0.3362630484694066,-0.5499999999999986
Salvatore Sirigu,Torino,33,Italy,2020/2021,6500000,2500000,Goalkeeper,it Serie A,32,32,2880.0,32.0,-0.6415661418943438,-1.199536219117895,-0.5715244370399684,-1.182283844852129,-0.9004528981526607,-0.4749999999999933
Samir Handanović,Inter,33,Slovenia,2017/2018,10000000,8500000,Goalkeeper,it Serie A,38,38,3420.0,38.0,-0.0118959835952501,0.6979287045001653,-1.0916712441067578,1.2808456210697263,0.1605100828100148,0.9000000000000113
Samir Handanović,Inter,34,Slovenia,2018/2019,6000000,6000000,Goalkeeper,it Serie A,38,38,3420.0,38.0,0.0996765307685928,0.5113479592628302,-0.9611326356829096,0.9832080057282778,0.111088960372653,0.6000000000000001
Samir Handanović,Inter,35,Slovenia,2019/2020,6000000,4800000,Goalkeeper,it Serie A,35,35,3150.0,35.0,0.2667697157483498,-0.1813989961028856,-0.0057634449811222,1.199317211045434,0.181659500712612,1.1250000000000029
Samir Handanović,Inter,36,Slovenia,2020/2021,4000000,2500000,Goalkeeper,it Serie A,37,37,3240.0,36.0,-0.2147373321568007,-0.3450326924089541,-0.8256294333312925,1.2092095138657806,-0.1994717066352901,1.350000000000007
Sergio Asenjo,Villarreal,28,Spain,2017/2018,7500000,8000000,Goalkeeper,es La Liga,23,23,2070.0,23.0,-0.9590353787503514,-0.3960049791966274,0.9543361286957,0.3490231032492681,-0.0874230897450922,0.1750000000000019
Sergio Asenjo,Villarreal,29,Spain,2018/2019,12000000,12000000,Goalkeeper,es La Liga,32,32,2880.0,32.0,-0.2280414886054146,0.8883475066677141,1.575001776646355,-0.5185711188952483,0.5698760315096478,-0.0749999999999979
Sergio Asenjo,Villarreal,30,Spain,2019/2020,12000000,9500000,Goalkeeper,es La Liga,34,34,3060.0,34.0,-0.2948813069655777,0.2375635661120407,0.4425378014175271,0.1624191007560866,0.1444242368656145,0.3499999999999998
Sergio Asenjo,Villarreal,31,Spain,2020/2021,9000000,9000000,Goalkeeper,es La Liga,36,36,3240.0,36.0,0.3266367522142646,-0.5899616234955647,1.1155931633667429,0.4070664290993908,0.2151308750367128,0.4000000000000002
Sergio Rico,Sevilla,23,Spain,2017/2018,20000000,12000000,Goalkeeper,es La Liga,24,23,2157.0,24.0,-1.2427683332039396,-1.153822973791906,0.5035295207921028,0.1352451342582793,-0.5683609737913845,-0.2249999999999982
Sergio Rico,Fulham,24,Spain,2018/2019,12000000,12000000,Goalkeeper,eng Premier League,29,29,2610.0,29.0,-0.0845970406685065,0.3740037290482135,0.3470052936029373,-1.7246133159169024,-0.0621886289870529,-1.174999999999998
Sergio Rico,Paris SG,25,Spain,2019/2020,10000000,8000000,Goalkeeper,fr Ligue 1,2,2,180.0,2.0,0.0860812745444966,-0.0768347379181596,-1.3781170028139758,-0.6326874375761625,-0.44480420597515,1.826928539061115
Sergio Rico,Paris SG,26,Spain,2020/2021,8000000,7000000,Goalkeeper,fr Ligue 1,10,8,810.0,9.0,0.1045885317242917,0.5841694823242086,-1.2367413230396649,1.153038217202183,0.0943768535649572,1.4500000000000024
Steve Mandanda,Marseille,32,France,2017/2018,8000000,2500000,Goalkeeper,fr Ligue 1,31,31,2680.0,29.8,-0.5494149522461745,-0.0540302867258647,0.6144078174426955,0.643436718109896,0.0938531236615619,0.825000000000003
Steve Mandanda,Marseille,33,France,2018/2019,2500000,2500000,Goalkeeper,fr Ligue 1,31,31,2735.0,30.4,-0.247931515135839,-0.7090672170085814,0.0124961572867694,-0.0629986979745099,-0.3164821701114474,0.2000000000000005
Steve Mandanda,Marseille,34,France,2019/2020,2500000,2400000,Goalkeeper,fr Ligue 1,27,27,2370.0,26.3,-0.2813761542878941,0.1149391929491152,-0.3265433489089899,0.6267845949009855,-0.0177334690318828,0.3414042051690664
Steve Mandanda,Marseille,35,France,2020/2021,2500000,2000000,Goalkeeper,fr Ligue 1,37,37,3330.0,37.0,0.1058505338473506,-0.7727714126868966,-0.4009825769757541,-0.0024821776226355,-0.34462533186591,0.1750000000000026
Thibaut Courtois,Chelsea,25,Belgium,2017/2018,40000000,60000000,Goalkeeper,eng Premier League,35,35,3150.0,35.0,0.1925132001240873,-0.5514179970594784,-0.619249754724706,0.7776214905028379,-0.1830372140455464,0.6000000000000035
Thibaut Courtois,Real Madrid,26,Belgium,2018/2019,65000000,55000000,Goalkeeper,es La Liga,27,27,2430.0,27.0,-0.2958709712935206,-0.2396511504166816,0.0385726710316194,0.0959161395807371,-0.1338150567742032,0.4250000000000024
Thibaut Courtois,Real Madrid,27,Belgium,2019/2020,55000000,48000000,Goalkeeper,es La Liga,34,34,3060.0,34.0,0.1026438437911674,0.0352952457159332,-0.5307739198333853,1.7680363282282587,0.1705262662242609,1.124999999999999
Thibaut Courtois,Real Madrid,28,Belgium,2020/2021,60000000,60000000,Goalkeeper,es La Liga,38,38,3420.0,38.0,0.1034135824340437,0.2017884254888243,0.6878976882714483,1.618728370561289,0.5112630221816549,0.9749999999999982
Thomas Strakosha,Lazio,22,Albania,2017/2018,4500000,20000000,Goalkeeper,it Serie A,38,38,3420.0,38.0,-0.2362666907895385,0.3436881617349234,0.0861381465192169,0.289206283918576,0.1261396631274292,1.0000000000000109
Thomas Strakosha,Lazio,23,Albania,2018/2019,20000000,20000000,Goalkeeper,it Serie A,35,35,3150.0,35.0,-0.2857927191709311,-0.1105203638829653,0.5613463837055501,0.3547247417628901,0.0834150000390504,0.2500000000000001
Thomas Strakosha,Lazio,24,Albania,2019/2020,25000000,20000000,Goalkeeper,it Serie A,38,38,3420.0,38.0,-0.3432618804812596,0.5301501533004108,-0.0917039433054882,0.6072841114365394,0.1679037144239377,0.9250000000000028
Thomas Strakosha,Lazio,25,Albania,2020/2021,25000000,14000000,Goalkeeper,it Serie A,9,9,810.0,9.0,0.0377995757330887,0.180880404485482,-0.3403521593606059,-0.5638523033305852,-0.0969078498365483,0.1500000000000073
Vicente Guaita,Getafe,30,Spain,2017/2018,1800000,5000000,Goalkeeper,es La Liga,33,33,2970.0,33.0,-0.9664595704575628,0.00716374178354,0.93081310336568,0.7444474601514867,0.1052628118739913,0.225000000000001
Vicente Guaita,Crystal Palace,31,Spain,2018/2019,5000000,5000000,Goalkeeper,eng Premier League,20,20,1754.0,19.5,-0.5363462226748039,0.3005337398988199,0.3744004001321315,0.151757444869942,0.0874639700594101,-0.0499999999999985
Vicente Guaita,Crystal Palace,32,Spain,2019/2020,5000000,4000000,Goalkeeper,eng Premier League,35,35,3150.0,35.0,-0.17613066251336,0.4837592748672859,0.0869160469955033,-0.0998687164710376,0.1320317848534302,-0.4749999999999953
Vicente Guaita,Crystal Palace,33,Spain,2020/2021,4000000,2000000,Goalkeeper,eng Premier League,37,37,3330.0,37.0,-0.8225138437715924,-0.5254875708019242,0.1503356441351939,-1.07700670962707,-0.5135162061338335,-0.6250000000000012
Walter Benítez,Nice,24,Argentina,2017/2018,1500000,3500000,Goalkeeper,fr Ligue 1,28,28,2520.0,28.0,-1.0819329813727203,-0.0396334941677357,-0.0181847301194581,0.3222079445598612,-0.240569959147773,0.0250000000000029
Walter Benítez,Nice,25,Argentina,2018/2019,7000000,10000000,Goalkeeper,fr Ligue 1,35,35,3150.0,35.0,0.3944274178757182,1.7113960692227397,0.5094769927278228,1.1162010962348825,0.9923948913140764,-0.1249999999999983
Walter Benítez,Nice,26,Argentina,2019/2020,10000000,8000000,Goalkeeper,fr Ligue 1,26,26,2340.0,26.0,-0.0910379890729484,2.003174533987913,-0.4754604000999841,-0.5408437416858388,0.4783599283496606,0.0780880361364353
Walter Benítez,Nice,27,Argentina,2020/2021,10000000,10000000,Goalkeeper,fr Ligue 1,38,38,3420.0,38.0,-0.0918325148825937,0.3504258937917776,-0.4191953694462567,-0.3839832396163768,-0.0627053941975469,-0.0749999999999975
Willy Caballero,Chelsea,35,Argentina,2017/2018,1500000,1000000,Goalkeeper,eng Premier League,3,3,270.0,3.0,0.4996329845158489,-0.3394687585602761,-0.4565915903169657,-0.091397132593227,-0.1217632868353598,0.6000000000000035
Willy Caballero,Chelsea,36,Argentina,2018/2019,1000000,1000000,Goalkeeper,eng Premier League,2,2,180.0,2.0,-0.0118108851256767,0.9483705168981924,-0.8592727196414737,1.7208061272191428,0.3722796988054512,0.6000000000000014
Willy Caballero,Chelsea,37,Argentina,2019/2020,750000,600000,Goalkeeper,eng Premier League,5,5,450.0,5.0,0.1128501394924329,-0.7050738816214733,-1.896798190505544,-0.1434673318304758,-0.7142829710953648,0.3750000000000054
Willy Caballero,Chelsea,38,Argentina,2020/2021,500000,250000,Goalkeeper,eng Premier League,1,1,90.0,1.0,-0.2185526697406387,-8.208993256947544,-5.961736179366972,-2.4821523904774168,-4.790542710780155,0.5499999999999972
Wojciech Szczęsny,Juventus,27,Poland,2017/2018,17000000,20000000,Goalkeeper,it Serie A,17,17,1530.0,17.0,-0.0256872492267559,-0.1000708636272772,-1.4020829278382434,1.9284024386557856,-0.102706980737429,1.5500000000000114
Wojciech Szczęsny,Juventus,28,Poland,2018/2019,30000000,35000000,Goalkeeper,it Serie A,28,28,2520.0,28.0,0.438233261192274,0.0478585304883133,-0.3079547113293227,1.573520188237959,0.2853481513723414,0.9999999999999998
Wojciech Szczęsny,Juventus,29,Poland,2019/2020,40000000,32000000,Goalkeeper,it Serie A,29,29,2591.0,28.8,-0.049137541030333,0.5953458018370387,0.4534855137009951,0.9007500407614656,0.4445705299248488,0.8250000000000025
Wojciech Szczęsny,Juventus,30,Poland,2020/2021,35000000,25000000,Goalkeeper,it Serie A,30,30,2677.0,29.7,0.5665363920811011,-0.4515339669078234,-0.4101690856208175,0.2384334399311821,-0.0831800458129899,0.9750000000000068
Yann Sommer,M'gladbach,28,Switzerland,2017/2018,9000000,8000000,Goalkeeper,de Bundesliga,30,30,2625.0,29.2,0.9097861269541848,0.803482161920882,0.628881752068599,-0.8209197511685281,0.5427477637527255,-0.1388888888888974
Yann Sommer,M'gladbach,29,Switzerland,2018/2019,10000000,12000000,Goalkeeper,de Bundesliga,34,34,3060.0,34.0,1.496514087376873,1.4515393827276242,-0.1165712907234418,-0.3074714172733147,0.806903770527029,0.3611111111111041
Yann Sommer,M'gladbach,30,Switzerland,2019/2020,12000000,9500000,Goalkeeper,de Bundesliga,34,34,3060.0,34.0,1.668017133877222,0.9808317266161476,-0.6862607205863958,-0.455575011365513,0.5203939559335313,0.7222222222222102
Yann Sommer,M'gladbach,31,Switzerland,2020/2021,7000000,6000000,Goalkeeper,de Bundesliga,31,31,2712.0,30.1,0.5662064224287663,-0.4215196650999832,-0.7237397479012714,-0.9204996431016536,-0.3249901606183684,0.2222222222222162
Yassine Bounou,Girona,26,Morocco,2017/2018,1000000,3000000,Goalkeeper,es La Liga,30,30,2655.0,29.5,-0.900932494482538,-0.0586308259016131,0.1757738277463141,-0.2740626144016013,-0.2429198479098608,-0.2249999999999981
Yassine Bounou,Girona,27,Morocco,2018/2019,4000000,5000000,Goalkeeper,es La Liga,32,32,2861.0,31.8,0.039681648219904,1.502331608086327,0.4089243443634291,-0.7004054061473788,0.5329067500539408,-0.3999999999999977
Yassine Bounou,Sevilla,28,Morocco,2019/2020,5000000,4000000,Goalkeeper,es La Liga,6,5,495.0,5.5,0.0485875390911823,0.7169122199765359,0.2397302749166623,1.5355354340714906,0.5533290456044723,0.5000000000000001
Yassine Bounou,Sevilla,29,Morocco,2020/2021,3000000,18000000,Goalkeeper,es La Liga,33,33,2970.0,33.0,0.2764093728350059,-0.3036601419192483,1.158123813871045,1.260986755684782,0.4415002603574931,0.5
Yohann Pelé,Marseille,34,France,2017/2018,500000,500000,Goalkeeper,fr Ligue 1,10,7,738.0,8.2,-0.0823723800052279,-0.9822215492946876,-0.6419475086146411,0.5579340210338389,-0.441167411253032,0.825000000000003
Yohann Pelé,Marseille,35,France,2018/2019,500000,500000,Goalkeeper,fr Ligue 1,9,7,682.0,7.6,-0.4552344985285801,-1.244594275534775,1.245721536857206,0.5818661388434783,-0.150706316028493,0.2000000000000005
Yohann Pelé,Marseille,36,France,2019/2020,250000,250000,Goalkeeper,fr Ligue 1,2,1,150.0,1.7,0.5342653701491855,0.4823754918822928,-2.516998474519503,-0.6343577849953899,-0.4220055216830853,0.3414042051690664
Yohann Pelé,Marseille,37,France,2020/2021,250000,250000,Goalkeeper,fr Ligue 1,1,1,90.0,1.0,0.2436323541711466,0.8247494374244504,-2.0146270340271752,-1.9862188166968224,-0.4520191893699729,0.1750000000000026
Łukasz Fabiański,Swansea,32,Poland,2017/2018,9000000,5000000,Goalkeeper,eng Premier League,38,38,3420.0,38.0,-0.1908811816243798,0.4731953712422841,1.840470614989903,-0.8809054394293871,0.4458799223617722,-0.6999999999999948
Łukasz Fabiański,West Ham,33,Poland,2018/2019,5000000,5000000,Goalkeeper,eng Premier League,38,38,3420.0,38.0,-0.1084534773174321,1.4937914057006545,0.9579823362442732,-0.8457917914857721,0.6083404380040736,-0.0749999999999992
Łukasz Fabiański,West Ham,34,Poland,2019/2020,4000000,3200000,Goalkeeper,eng Premier League,25,25,2117.0,23.5,-0.4519146024456407,-0.2165891509911082,0.6565978226043173,-0.4337951730301608,-0.0897046737617428,-0.3249999999999945
Łukasz Fabiański,West Ham,35,Poland,2020/2021,2500000,1500000,Goalkeeper,eng Premier League,35,35,3150.0,35.0,-0.4417263203034914,0.131185313688613,0.4988862519584653,0.0681870829863921,0.0704329051527168,0.374999999999997
Łukasz Skorupski,Roma,26,Poland,2017/2018,7000000,7000000,Goalkeeper,it Serie A,1,1,90.0,1.0,0.5645886230610981,1.234858123440746,-2.131299240966536,2.002083674082659,0.3408352398403003,0.8250000000000107
Łukasz Skorupski,Bologna,27,Poland,2018/2019,7000000,7000000,Goalkeeper,it Serie A,38,38,3420.0,38.0,0.094149479918319,0.4527604400829434,0.3823608606372662,-0.8164164802549998,0.1551312671296765,-0.1999999999999998
Łukasz Skorupski,Bologna,28,Poland,2019/2020,7000000,5500000,Goalkeeper,it Serie A,37,37,3330.0,37.0,0.0811427216261828,0.2357736093575237,0.6481715106945979,-1.3868907451673502,0.0568157095802259,-0.3249999999999976
Łukasz Skorupski,Bologna,29,Poland,2020/2021,5500000,3800000,Goalkeeper,it Serie A,28,28,2520.0,28.0,0.03051479589828,0.4508333653364172,0.8814639301501463,-0.874405900388275,0.2546254743216113,-0.3499999999999922
